audit_id,article_url,previous_classification,review_scope,manual_review_status,review_result,severity,current_assessment,summary,recommended_action,evidence
RHI-RERUN-007,/a-look-at-the-salesforce-b2c-commerce-cloud-24-2-release/,code-block-review,critical-code-and-body,confirmed,pass,none,no-material-drift,"Resolved on 2026-03-16. The local XML import example now preserves the allocation-timestamp tags and matches the live rendered code block.","No action required.","Verified after remediation: live/local both render // example import with seconds followed by <allocation-timestamp>2023-11-22T06:56:01Z</allocation-timestamp> and the matching milliseconds example."
RHI-RERUN-010,/a-new-commerce-cloud-community-in-town/,body-text-review,critical-code-and-body,confirmed,pass,none,no-material-drift,"The rerun delta is limited to heading punctuation and equivalent question wording; no reader-facing body loss remains.","No action required.","Live-only previews were question marks in headings; local preserves the same questions without trailing punctuation."
RHI-RERUN-019,/b2c-commerce-whats-new-in-22-4/,body-text-review,critical-code-and-body,confirmed,pass,none,no-material-drift,"The body remains materially aligned; the drift is limited to link phrasing and paragraph splitting around the release-notes CTA.","No action required.","Live 'Check out the original release notes here.' versus local 'Check out the original release notes for April 2022.' with no instructional loss."
RHI-RERUN-020,/b2c-commerce-whats-new-in-the-22-3-release/,body-text-review,critical-code-and-body,confirmed,pass,none,no-material-drift,"The low similarity score came from collapsed paragraph boundaries and punctuation-normalized headings, not semantic content loss.","No action required.","Browser body text shows the same Lightning UX and Page Shield content on live and local; local groups the Lightning UX commentary into one paragraph."
RHI-RERUN-038,/getting-to-know-sfra-as-a-developer/,body-text-review,critical-code-and-body,confirmed,pass,none,no-material-drift,"Resolved on 2026-03-16. The local Learn Commerce Cloud section now aligns to the live baseline without the Removed warning block.","No action required.","Verified after remediation: live/local both render the Learn Commerce Cloud heading, archived image, and PDF link without the `Removed:` warning callout."
RHI-RERUN-041,/helpful-salesforce-b2c-commerce-cloud-cartridges/,body-text-review,critical-code-and-body,confirmed,pass,none,no-material-drift,"The differences are paragraph regrouping and duplicated emphasis around the Heavy Job note; the article meaning is intact.","No action required.","Live and local preserve the same cartridge guidance; local repeats the Heavy Job warning with stronger emphasis but no technical drift."
RHI-RERUN-059,/lag-to-riches-a-pwa-kit-developers-guide/,title-and-body-drift,critical-code-and-body,confirmed,pass,none,no-material-drift,"Rendered review confirms the Hard vs Soft Navigation and CrUX guidance already appears on the live page; the remaining delta is title drift, which stays outside the critical body queue.","No action required in the critical body queue.","Live and local both render Hard vs Soft Navigation and the related CrUX guidance; only the rewritten local H1 remains materially different."
RHI-RERUN-069,/migrate-magento-passwords-using-argon2/,body-text-review,critical-code-and-body,confirmed,pass,none,no-material-drift,"The executable code sample and hash example remain intact; the rerun delta comes from prose formatting around the hash-string explanation and a new security reminder.","No action required.","Live and local both render the three code blocks correctly, including the Argon2 verification script; only prose grouping and an added security note differ."
RHI-RERUN-077,/preparing-for-the-b2c-commerce-developer-certification/,body-text-review,critical-code-and-body,confirmed,pass,none,no-material-drift,"The article body is intact; the similarity drop came from repeated 'The Official List' labels and heading punctuation differences.","No action required.","Live and local retain the same certification guidance and resource list; no substantive content is missing."
RHI-RERUN-081,/salesforce-b2c-commerce-cloud-22-8/,body-text-review,critical-code-and-body,confirmed,pass,none,no-material-drift,"The body remains aligned; the diff is driven by release-notes CTA phrasing and a local paragraph that keeps the same ODS move announcement with extra context.","No action required.","Local adds more detail about the US03 ODS move but does not remove the original release content."
RHI-RERUN-087,/salesforce-b2c-commerce-cloud-catalog-erd/,body-text-review,critical-code-and-body,confirmed,pass,none,no-material-drift,"The body delta is limited to heading punctuation normalization in the ERD FAQ section.","No action required.","Live 'Why did I make these ERDs?' versus local 'Why did I make these ERDs' with otherwise aligned content."
RHI-RERUN-092,/salesforce-b2c-commerce-cloud-november-2022-updates/,body-text-review,critical-code-and-body,confirmed,pass,none,no-material-drift,"The article meaning is intact; the local page splits one update into separate heading and paragraph blocks.","No action required.","Live and local both retain the November 2022 update notes; only block grouping changed."
RHI-RERUN-095,/salesforce-b2c-commerce-the-22-5-release/,body-text-review,critical-code-and-body,confirmed,pass,none,no-material-drift,"Resolved on 2026-03-16. The password-less login note now renders as normal prose with no literal strikethrough markers.","No action required.","Verified after remediation: local render shows the full note sentence without any visible `~~` characters, matching live behavior."
RHI-RERUN-100,/secure-coding-in-salesforce-b2c-commerce-cloud/,body-text-review,critical-code-and-body,confirmed,pass,none,no-material-drift,"The body and code sample are materially identical; the diff came from whitespace around one sentence.","No action required.","Live and local both retain the same Automaton paragraph and the same single code block."
RHI-RERUN-126,/the-realm-split-field-guide-to-migrating-an-sfcc-site/,title-and-body-drift,critical-code-and-body,confirmed,pass,none,no-material-drift,"Resolved on 2026-03-16 for the critical body queue. The local matrix heading and formatting artifacts are gone, and the remaining difference is now title-only drift outside this follow-up scope.","No action required in the critical body queue.","Verified after remediation: live/local both render `The Realm Split Data Migration Checklist` and clean `Actionable Advice:` labels; the remaining difference is the shorter local H1."
RHI-RERUN-128,/the-salesforce-b2c-commerce-cloud-environment/,body-text-review,critical-code-and-body,confirmed,pass,none,no-material-drift,"The body remains aligned; the only visible delta is an added MuleSoft explanatory sentence.","No action required.","Local-only sentence: 'MuleSoft Even though this is MuleSoft, you do not get access to it yourself.' does not remove or contradict the live content."
RHI-RERUN-140,/what-is-commerce-on-core/,body-text-review,critical-code-and-body,confirmed,pass,none,no-material-drift,"The body remains aligned; the diff is driven by punctuation normalization and the speculation note being grouped differently.","No action required.","Live and local retain the same speculation disclaimer and Commerce on Core reasoning; headings lose trailing question marks locally."
RHI-RERUN-143,/what-is-oci-omnichannel-inventory/,body-text-review,critical-code-and-body,confirmed,pass,none,no-material-drift,"The article meaning is intact; the delta is heading punctuation plus one label rendered as 'B2C <> OCI' locally.","No action required.","Live 'Data Synchronisation (B2C OCI)' versus local 'Data Synchronisation (B2C <> OCI)' with no broader content loss."
RHI-RERUN-147,/where-is-the-new-sfcc-documentation/,body-text-review,critical-code-and-body,confirmed,pass,none,no-material-drift,"The body is intact; the score drop came from paragraph-merging around the Infocenter migration explanation and punctuation normalization.","No action required.","Live and local keep the same June 15 and July 15 migration explanation, with local paragraphs merged into a longer block."