audit_id,audit_run_id,audit_date,article_url,source_file,live_status,local_status,live_selector_found,local_selector_found,live_text_length,local_text_length,live_pre_count,local_pre_count,live_image_count,local_image_count,live_table_count,local_table_count,live_iframe_count,local_iframe_count,overall_result,severity,finding_classification,summary,live_evidence_path,local_evidence_path
RHI-VIS-001,phase-8-visual-compare-2026-03-22,2026-03-22,/20-years-of-dreamforce/,src/content/posts/20-years-of-dreamforce/index.md,200,200,1,1,9085,9088,0,0,7,7,0,0,0,0,pass,none,visual-structure-aligned,Visual structure metrics are within tolerance for rendered article-body parity.,,
RHI-VIS-002,phase-8-visual-compare-2026-03-22,2026-03-22,/a-beginners-guide-to-webdav-in-sfcc/,src/content/posts/a-beginners-guide-to-webdav-in-sfcc/index.md,200,200,1,1,6097,6207,1,1,2,2,0,0,0,0,pass,none,visual-structure-aligned,Visual structure metrics are within tolerance for rendered article-body parity.,,
RHI-VIS-003,phase-8-visual-compare-2026-03-22,2026-03-22,/a-deep-dive-into-the-23-7-sfcc-release/,src/content/posts/a-deep-dive-into-the-23-7-sfcc-release/index.md,200,200,1,1,6713,6801,0,0,3,3,0,0,0,0,pass,none,visual-structure-aligned,Visual structure metrics are within tolerance for rendered article-body parity.,,
RHI-VIS-004,phase-8-visual-compare-2026-03-22,2026-03-22,/a-dev-guide-to-combating-fraud-on-sfcc/,src/content/posts/a-dev-guide-to-combating-fraud-on-sfcc/index.md,200,200,1,1,20658,20653,0,0,4,4,0,0,0,0,pass,none,visual-structure-aligned,Visual structure metrics are within tolerance for rendered article-body parity.,,
RHI-VIS-005,phase-8-visual-compare-2026-03-22,2026-03-22,/a-look-at-the-23-9-commerce-cloud-release/,src/content/posts/a-look-at-the-23-9-commerce-cloud-release/index.md,200,200,1,1,6629,7165,0,0,3,3,0,0,0,0,pass,none,visual-structure-aligned,Visual structure metrics are within tolerance for rendered article-body parity.,,
RHI-VIS-006,phase-8-visual-compare-2026-03-22,2026-03-22,/a-look-at-the-salesforce-b2c-commerce-cloud-23-6-release/,src/content/posts/a-look-at-the-salesforce-b2c-commerce-cloud-23-6-release/index.md,200,200,1,1,9346,9366,0,0,0,0,0,0,0,0,pass,none,visual-structure-aligned,Visual structure metrics are within tolerance for rendered article-body parity.,,
RHI-VIS-007,phase-8-visual-compare-2026-03-22,2026-03-22,/a-look-at-the-salesforce-b2c-commerce-cloud-24-2-release/,src/content/posts/a-look-at-the-salesforce-b2c-commerce-cloud-24-2-release/index.md,200,200,1,1,9071,9067,2,2,4,4,0,0,0,0,pass,none,visual-structure-aligned,Visual structure metrics are within tolerance for rendered article-body parity.,,
RHI-VIS-008,phase-8-visual-compare-2026-03-22,2026-03-22,/a-look-at-the-sfcc-23-5-release/,src/content/posts/a-look-at-the-sfcc-23-5-release/index.md,200,200,1,1,8165,8189,0,0,2,2,0,0,0,0,pass,none,visual-structure-aligned,Visual structure metrics are within tolerance for rendered article-body parity.,,
RHI-VIS-009,phase-8-visual-compare-2026-03-22,2026-03-22,/a-look-back-at-origin-shielding/,src/content/posts/a-look-back-at-origin-shielding/index.md,200,200,1,1,4205,4191,0,0,2,2,0,0,0,0,pass,none,visual-structure-aligned,Visual structure metrics are within tolerance for rendered article-body parity.,,
RHI-VIS-010,phase-8-visual-compare-2026-03-22,2026-03-22,/a-new-commerce-cloud-community-in-town/,src/content/posts/a-new-commerce-cloud-community-in-town/index.md,200,200,1,1,3946,3943,0,0,2,2,0,0,0,0,pass,none,visual-structure-aligned,Visual structure metrics are within tolerance for rendered article-body parity.,,
RHI-VIS-011,phase-8-visual-compare-2026-03-22,2026-03-22,/a-new-day-for-commerce-recap/,src/content/posts/a-new-day-for-commerce-recap/index.md,200,200,1,1,6639,6642,0,0,4,4,0,0,0,0,pass,none,visual-structure-aligned,Visual structure metrics are within tolerance for rendered article-body parity.,,
RHI-VIS-012,phase-8-visual-compare-2026-03-22,2026-03-22,/a-survival-guide-to-sfcc-platform-limits/,src/content/posts/a-survival-guide-to-sfcc-platform-limits/index.md,200,200,1,1,37324,37296,0,0,3,3,0,0,0,0,pass,none,visual-structure-aligned,Visual structure metrics are within tolerance for rendered article-body parity.,,
RHI-VIS-013,phase-8-visual-compare-2026-03-22,2026-03-22,/ai-as-an-architect-and-content-creator/,src/content/posts/ai-as-an-architect-and-content-creator/index.md,200,200,1,1,5772,5764,0,0,6,6,0,0,0,0,pass,none,visual-structure-aligned,Visual structure metrics are within tolerance for rendered article-body parity.,,
RHI-VIS-014,phase-8-visual-compare-2026-03-22,2026-03-22,/ai-automation-to-augmentation-at-work/,src/content/posts/ai-automation-to-augmentation-at-work/index.md,200,200,1,1,8884,8886,0,0,2,2,0,0,0,0,pass,none,visual-structure-aligned,Visual structure metrics are within tolerance for rendered article-body parity.,,
RHI-VIS-015,phase-8-visual-compare-2026-03-22,2026-03-22,/ai-einstein-in-salesforce-b2c-commerce-cloud/,src/content/posts/ai-einstein-in-salesforce-b2c-commerce-cloud/index.md,200,200,1,1,6959,6975,0,0,7,7,0,0,0,0,pass,none,visual-structure-aligned,Visual structure metrics are within tolerance for rendered article-body parity.,,
RHI-VIS-016,phase-8-visual-compare-2026-03-22,2026-03-22,/ai-wont-steal-your-sfcc-job-but-a-developer-using-ai-will/,src/content/posts/ai-wont-steal-your-sfcc-job-but-a-developer-using-ai-will/index.md,200,200,1,1,19818,19779,0,0,4,4,0,0,0,0,pass,none,visual-structure-aligned,Visual structure metrics are within tolerance for rendered article-body parity.,,
RHI-VIS-017,phase-8-visual-compare-2026-03-22,2026-03-22,/an-overview-of-sfcc-global-functions/,src/content/posts/an-overview-of-sfcc-global-functions/index.md,200,200,1,1,4330,4298,7,7,2,2,0,0,0,0,pass,none,visual-structure-aligned,Visual structure metrics are within tolerance for rendered article-body parity.,,
RHI-VIS-018,phase-8-visual-compare-2026-03-22,2026-03-22,/b2c-commerce-cloud-campaign-erd/,src/content/posts/b2c-commerce-cloud-campaign-erd/index.md,200,200,1,1,3799,3790,1,1,2,2,0,0,0,0,pass,none,visual-structure-aligned,Visual structure metrics are within tolerance for rendered article-body parity.,,
RHI-VIS-019,phase-8-visual-compare-2026-03-22,2026-03-22,/b2c-commerce-whats-new-in-22-4/,src/content/posts/b2c-commerce-whats-new-in-22-4/index.md,200,200,1,1,5691,5696,0,0,6,6,0,0,0,0,pass,none,visual-structure-aligned,Visual structure metrics are within tolerance for rendered article-body parity.,,
RHI-VIS-020,phase-8-visual-compare-2026-03-22,2026-03-22,/b2c-commerce-whats-new-in-the-22-3-release/,src/content/posts/b2c-commerce-whats-new-in-the-22-3-release/index.md,200,200,1,1,3134,3139,0,0,3,3,0,0,0,0,pass,none,visual-structure-aligned,Visual structure metrics are within tolerance for rendered article-body parity.,,
RHI-VIS-021,phase-8-visual-compare-2026-03-22,2026-03-22,/caching-in-the-sfcc-composable-storefront/,src/content/posts/caching-in-the-sfcc-composable-storefront/index.md,200,200,1,1,6813,6893,3,3,1,1,0,0,0,0,pass,none,visual-structure-aligned,Visual structure metrics are within tolerance for rendered article-body parity.,,
RHI-VIS-022,phase-8-visual-compare-2026-03-22,2026-03-22,/caching-rest-apis-in-sfcc/,src/content/posts/caching-rest-apis-in-sfcc/index.md,200,200,1,1,5131,5779,3,3,2,2,0,0,0,0,pass,none,visual-structure-aligned,Visual structure metrics are within tolerance for rendered article-body parity.,,
RHI-VIS-023,phase-8-visual-compare-2026-03-22,2026-03-22,/certifications-for-salesforce-b2c-commerce-cloud/,src/content/posts/certifications-for-salesforce-b2c-commerce-cloud/index.md,200,200,1,1,5905,5903,0,0,3,3,0,0,0,0,pass,none,visual-structure-aligned,Visual structure metrics are within tolerance for rendered article-body parity.,,
RHI-VIS-024,phase-8-visual-compare-2026-03-22,2026-03-22,/chasing-clouds-catching-up-with-the-commercecrew-at-dreamforce-2023/,src/content/posts/chasing-clouds-catching-up-with-the-commercecrew-at-dreamforce-2023/index.md,200,200,1,1,4385,4381,0,0,6,6,0,0,0,0,pass,none,visual-structure-aligned,Visual structure metrics are within tolerance for rendered article-body parity.,,
RHI-VIS-025,phase-8-visual-compare-2026-03-22,2026-03-22,/commerce-cloud-t-shirts-on-shirtforce/,src/content/posts/commerce-cloud-t-shirts-on-shirtforce/index.md,200,200,1,1,3261,3272,0,0,5,5,0,0,0,0,pass,none,visual-structure-aligned,Visual structure metrics are within tolerance for rendered article-body parity.,,
RHI-VIS-026,phase-8-visual-compare-2026-03-22,2026-03-22,/community-salesforce-events-and-commerce-cloud/,src/content/posts/community-salesforce-events-and-commerce-cloud/index.md,200,200,1,1,5677,5781,0,0,0,0,0,0,0,0,pass,none,visual-structure-aligned,Visual structure metrics are within tolerance for rendered article-body parity.,,
RHI-VIS-027,phase-8-visual-compare-2026-03-22,2026-03-22,/creating-custom-ocapi-endpoints/,src/content/posts/creating-custom-ocapi-endpoints/index.md,200,200,1,1,9187,9471,5,5,5,5,0,0,0,0,pass,none,visual-structure-aligned,Visual structure metrics are within tolerance for rendered article-body parity.,,
RHI-VIS-028,phase-8-visual-compare-2026-03-22,2026-03-22,/custom-preferences-in-sfcc/,src/content/posts/custom-preferences-in-sfcc/index.md,200,200,1,1,4618,4620,3,3,1,1,0,0,0,0,pass,none,visual-structure-aligned,Visual structure metrics are within tolerance for rendered article-body parity.,,
RHI-VIS-029,phase-8-visual-compare-2026-03-22,2026-03-22,/custom-ttf-fonts-in-pdf-for-sfcc/,src/content/posts/custom-ttf-fonts-in-pdf-for-sfcc/index.md,200,200,1,1,3829,3817,3,3,1,1,0,0,0,0,pass,none,visual-structure-aligned,Visual structure metrics are within tolerance for rendered article-body parity.,,
RHI-VIS-030,phase-8-visual-compare-2026-03-22,2026-03-22,/delta-exports-in-salesforce-b2c-commerce-cloud/,src/content/posts/delta-exports-in-salesforce-b2c-commerce-cloud/index.md,200,200,1,1,4602,4634,0,0,6,6,0,0,0,0,pass,none,visual-structure-aligned,Visual structure metrics are within tolerance for rendered article-body parity.,,
RHI-VIS-031,phase-8-visual-compare-2026-03-22,2026-03-22,/digging-into-the-b2c-commerce-cloud-24-3-release/,src/content/posts/digging-into-the-b2c-commerce-cloud-24-3-release/index.md,200,200,1,1,8662,8677,0,0,2,2,0,0,0,0,pass,none,visual-structure-aligned,Visual structure metrics are within tolerance for rendered article-body parity.,,
RHI-VIS-032,phase-8-visual-compare-2026-03-22,2026-03-22,/events-and-the-golden-hoodie/,src/content/posts/events-and-the-golden-hoodie/index.md,200,200,1,1,5988,6087,0,0,2,2,0,0,0,0,pass,none,visual-structure-aligned,Visual structure metrics are within tolerance for rendered article-body parity.,,
RHI-VIS-033,phase-8-visual-compare-2026-03-22,2026-03-22,/everything-new-in-sfcc-23-4/,src/content/posts/everything-new-in-sfcc-23-4/index.md,200,200,1,1,6062,6090,0,0,1,1,0,0,0,0,pass,none,visual-structure-aligned,Visual structure metrics are within tolerance for rendered article-body parity.,,
RHI-VIS-034,phase-8-visual-compare-2026-03-22,2026-03-22,/fetching-data-in-a-locale-with-sfcc/,src/content/posts/fetching-data-in-a-locale-with-sfcc/index.md,200,200,1,1,3103,3087,3,3,1,1,0,0,0,0,pass,none,visual-structure-aligned,Visual structure metrics are within tolerance for rendered article-body parity.,,
RHI-VIS-035,phase-8-visual-compare-2026-03-22,2026-03-22,/field-guide-to-custom-caches-in-sfcc/,src/content/posts/field-guide-to-custom-caches-in-sfcc/index.md,200,200,1,1,23163,23160,5,5,2,2,0,0,0,0,pass,none,visual-structure-aligned,Visual structure metrics are within tolerance for rendered article-body parity.,,
RHI-VIS-036,phase-8-visual-compare-2026-03-22,2026-03-22,/get-connected-at-salesforce-connections-2022/,src/content/posts/get-connected-at-salesforce-connections-2022/index.md,200,200,1,1,11627,11629,0,0,2,2,0,0,0,0,pass,none,visual-structure-aligned,Visual structure metrics are within tolerance for rendered article-body parity.,,
RHI-VIS-037,phase-8-visual-compare-2026-03-22,2026-03-22,/getting-secured-with-the-24-5-salesforce-b2c-commerce-cloud-release/,src/content/posts/getting-secured-with-the-24-5-salesforce-b2c-commerce-cloud-release/index.md,200,200,1,1,8451,8444,0,0,0,0,0,0,0,0,pass,none,visual-structure-aligned,Visual structure metrics are within tolerance for rendered article-body parity.,,
RHI-VIS-038,phase-8-visual-compare-2026-03-22,2026-03-22,/getting-to-know-sfra-as-a-developer/,src/content/posts/getting-to-know-sfra-as-a-developer/index.md,200,200,1,1,4131,4116,0,0,2,2,0,0,0,0,pass,none,visual-structure-aligned,Visual structure metrics are within tolerance for rendered article-body parity.,,
RHI-VIS-039,phase-8-visual-compare-2026-03-22,2026-03-22,/getting-to-know-the-sfcc-24-4-release/,src/content/posts/getting-to-know-the-sfcc-24-4-release/index.md,200,200,1,1,8702,8656,2,2,3,3,0,0,0,0,pass,none,visual-structure-aligned,Visual structure metrics are within tolerance for rendered article-body parity.,,
RHI-VIS-040,phase-8-visual-compare-2026-03-22,2026-03-22,/guide-to-the-getprops-method-in-sfcc/,src/content/posts/guide-to-the-getprops-method-in-sfcc/index.md,200,200,1,1,9640,9123,8,8,1,1,0,0,0,0,pass,none,visual-structure-aligned,Visual structure metrics are within tolerance for rendered article-body parity.,,
RHI-VIS-041,phase-8-visual-compare-2026-03-22,2026-03-22,/helpful-salesforce-b2c-commerce-cloud-cartridges/,src/content/posts/helpful-salesforce-b2c-commerce-cloud-cartridges/index.md,200,200,1,1,5651,5654,0,0,4,4,0,0,0,0,pass,none,visual-structure-aligned,Visual structure metrics are within tolerance for rendered article-body parity.,,
RHI-VIS-042,phase-8-visual-compare-2026-03-22,2026-03-22,/helpful-salesforce-b2c-commerce-cloud-cli-tools/,src/content/posts/helpful-salesforce-b2c-commerce-cloud-cli-tools/index.md,200,200,1,1,3556,3561,0,0,1,1,0,0,0,0,pass,none,visual-structure-aligned,Visual structure metrics are within tolerance for rendered article-body parity.,,
RHI-VIS-043,phase-8-visual-compare-2026-03-22,2026-03-22,/how-to-change-the-code-compatibility-mode-in-salesforce-b2c-commerce-cloud/,src/content/posts/how-to-change-the-code-compatibility-mode-in-salesforce-b2c-commerce-cloud/index.md,200,200,1,1,3861,3857,2,2,6,6,0,0,0,0,pass,none,visual-structure-aligned,Visual structure metrics are within tolerance for rendered article-body parity.,,
RHI-VIS-044,phase-8-visual-compare-2026-03-22,2026-03-22,/how-to-extend-active-data-in-salesforce-b2c-commerce-cloud/,src/content/posts/how-to-extend-active-data-in-salesforce-b2c-commerce-cloud/index.md,200,200,1,1,5893,5884,3,3,7,7,0,0,0,0,pass,none,visual-structure-aligned,Visual structure metrics are within tolerance for rendered article-body parity.,,
RHI-VIS-045,phase-8-visual-compare-2026-03-22,2026-03-22,/how-to-filter-jsdoc-in-storybook-autodocs/,src/content/posts/how-to-filter-jsdoc-in-storybook-autodocs/index.md,200,200,1,1,6958,6941,5,5,2,2,0,0,0,0,pass,none,visual-structure-aligned,Visual structure metrics are within tolerance for rendered article-body parity.,,
RHI-VIS-046,phase-8-visual-compare-2026-03-22,2026-03-22,/how-to-get-a-salesforce-b2c-commerce-cloud-sandbox/,src/content/posts/how-to-get-a-salesforce-b2c-commerce-cloud-sandbox/index.md,200,200,1,1,4332,4367,0,0,1,1,0,0,0,0,pass,none,visual-structure-aligned,Visual structure metrics are within tolerance for rendered article-body parity.,,
RHI-VIS-047,phase-8-visual-compare-2026-03-22,2026-03-22,/how-to-get-salesforce-certification-vouchers/,src/content/posts/how-to-get-salesforce-certification-vouchers/index.md,200,200,1,1,3320,3326,0,0,3,3,0,0,0,0,pass,none,visual-structure-aligned,Visual structure metrics are within tolerance for rendered article-body parity.,,
RHI-VIS-048,phase-8-visual-compare-2026-03-22,2026-03-22,/how-to-load-client-side-javascript-and-css-in-sfra/,src/content/posts/how-to-load-client-side-javascript-and-css-in-sfra/index.md,200,200,1,1,4332,4275,4,4,1,1,0,0,0,0,pass,none,visual-structure-aligned,Visual structure metrics are within tolerance for rendered article-body parity.,,
RHI-VIS-049,phase-8-visual-compare-2026-03-22,2026-03-22,/how-to-set-up-slas-for-the-composable-storefront/,src/content/posts/how-to-set-up-slas-for-the-composable-storefront/index.md,200,200,1,1,5986,5942,3,3,8,8,0,0,0,0,pass,none,visual-structure-aligned,Visual structure metrics are within tolerance for rendered article-body parity.,,
RHI-VIS-050,phase-8-visual-compare-2026-03-22,2026-03-22,/how-to-set-up-the-ecdn-in-sfcc-staging/,src/content/posts/how-to-set-up-the-ecdn-in-sfcc-staging/index.md,200,200,1,1,13651,13684,11,11,2,2,0,0,0,0,pass,none,visual-structure-aligned,Visual structure metrics are within tolerance for rendered article-body parity.,,
RHI-VIS-051,phase-8-visual-compare-2026-03-22,2026-03-22,/how-to-setup-oauth-jwt-for-the-ocapi/,src/content/posts/how-to-setup-oauth-jwt-for-the-ocapi/index.md,200,200,1,1,4950,4971,2,2,3,3,0,0,0,0,pass,none,visual-structure-aligned,Visual structure metrics are within tolerance for rendered article-body parity.,,
RHI-VIS-052,phase-8-visual-compare-2026-03-22,2026-03-22,/how-to-use-node-18-with-sfra/,src/content/posts/how-to-use-node-18-with-sfra/index.md,200,200,1,1,7267,7292,6,6,2,2,0,0,0,0,pass,none,visual-structure-aligned,Visual structure metrics are within tolerance for rendered article-body parity.,,
RHI-VIS-053,phase-8-visual-compare-2026-03-22,2026-03-22,/how-to-use-ocapi-scapi-hooks/,src/content/posts/how-to-use-ocapi-scapi-hooks/index.md,200,200,1,1,25763,25797,8,8,5,5,0,0,0,0,pass,none,visual-structure-aligned,Visual structure metrics are within tolerance for rendered article-body parity.,,
RHI-VIS-054,phase-8-visual-compare-2026-03-22,2026-03-22,/image-ine-sfcc-dis-for-developers/,src/content/posts/image-ine-sfcc-dis-for-developers/index.md,200,200,1,1,18153,18083,5,5,3,3,0,0,0,0,pass,none,visual-structure-aligned,Visual structure metrics are within tolerance for rendered article-body parity.,,
RHI-VIS-055,phase-8-visual-compare-2026-03-22,2026-03-22,/in-the-ring-ocapi-versus-scapi/,src/content/posts/in-the-ring-ocapi-versus-scapi/index.md,200,200,1,1,6015,5784,0,0,1,1,0,0,0,0,pass,none,visual-structure-aligned,Visual structure metrics are within tolerance for rendered article-body parity.,,
RHI-VIS-056,phase-8-visual-compare-2026-03-22,2026-03-22,/is-salesforce-certification-worth-it/,src/content/posts/is-salesforce-certification-worth-it/index.md,200,200,1,1,8354,8329,0,0,3,3,0,0,0,0,pass,none,visual-structure-aligned,Visual structure metrics are within tolerance for rendered article-body parity.,,
RHI-VIS-057,phase-8-visual-compare-2026-03-22,2026-03-22,/it-sure-has-been-quiet-on-this-blog/,src/content/posts/it-sure-has-been-quiet-on-this-blog/index.md,200,200,1,1,4700,4705,0,0,2,2,0,0,0,0,pass,none,visual-structure-aligned,Visual structure metrics are within tolerance for rendered article-body parity.,,
RHI-VIS-058,phase-8-visual-compare-2026-03-22,2026-03-22,/kickstart-guide-for-new-sfcc-developers/,src/content/posts/kickstart-guide-for-new-sfcc-developers/index.md,200,200,1,1,25421,25392,0,0,1,1,0,0,0,0,pass,none,visual-structure-aligned,Visual structure metrics are within tolerance for rendered article-body parity.,,
RHI-VIS-059,phase-8-visual-compare-2026-03-22,2026-03-22,/lag-to-riches-a-pwa-kit-developers-guide/,src/content/posts/lag-to-riches-a-pwa-kit-developers-guide/index.md,200,200,1,1,24340,24291,0,0,4,4,1,1,0,0,pass,none,visual-structure-aligned,Visual structure metrics are within tolerance for rendered article-body parity.,,
RHI-VIS-060,phase-8-visual-compare-2026-03-22,2026-03-22,/lets-go-live-customer-migration/,src/content/posts/lets-go-live-customer-migration/index.md,200,200,1,1,4202,4185,0,0,2,2,0,0,0,0,pass,none,visual-structure-aligned,Visual structure metrics are within tolerance for rendered article-body parity.,,
RHI-VIS-061,phase-8-visual-compare-2026-03-22,2026-03-22,/lets-go-live-ecdn/,src/content/posts/lets-go-live-ecdn/index.md,200,200,1,1,9885,9886,1,1,13,13,0,0,0,0,pass,none,visual-structure-aligned,Visual structure metrics are within tolerance for rendered article-body parity.,,
RHI-VIS-062,phase-8-visual-compare-2026-03-22,2026-03-22,/lets-go-live-seo/,src/content/posts/lets-go-live-seo/index.md,200,200,1,1,4431,4428,0,0,0,0,0,0,0,0,pass,none,visual-structure-aligned,Visual structure metrics are within tolerance for rendered article-body parity.,,
RHI-VIS-063,phase-8-visual-compare-2026-03-22,2026-03-22,/leveraging-generic-mappings-in-sfcc/,src/content/posts/leveraging-generic-mappings-in-sfcc/index.md,200,200,1,1,5545,5540,5,4,2,2,0,0,0,0,pass,none,visual-structure-aligned,Visual structure metrics are within tolerance for rendered article-body parity.,,
RHI-VIS-064,phase-8-visual-compare-2026-03-22,2026-03-22,/life-is-about-choices/,src/content/posts/life-is-about-choices/index.md,200,200,1,1,3755,3741,0,0,3,3,0,0,0,0,pass,none,visual-structure-aligned,Visual structure metrics are within tolerance for rendered article-body parity.,,
RHI-VIS-065,phase-8-visual-compare-2026-03-22,2026-03-22,/local-vs-shared-variation-attributes-sfcc/,src/content/posts/local-vs-shared-variation-attributes-sfcc/index.md,200,200,1,1,10742,11212,2,2,3,3,0,0,0,0,pass,none,visual-structure-aligned,Visual structure metrics are within tolerance for rendered article-body parity.,,
RHI-VIS-066,phase-8-visual-compare-2026-03-22,2026-03-22,/mail-attachments-in-b2c-commerce-cloud/,src/content/posts/mail-attachments-in-b2c-commerce-cloud/index.md,200,200,1,1,22505,22157,8,8,1,1,0,0,0,0,pass,none,visual-structure-aligned,Visual structure metrics are within tolerance for rendered article-body parity.,,
RHI-VIS-067,phase-8-visual-compare-2026-03-22,2026-03-22,/mastering-chunk-oriented-job-steps-in-salesforce-b2c-commerce-cloud/,src/content/posts/mastering-chunk-oriented-job-steps-in-salesforce-b2c-commerce-cloud/index.md,200,200,1,1,12301,12411,8,7,3,3,0,0,0,0,pass,none,visual-structure-aligned,Visual structure metrics are within tolerance for rendered article-body parity.,,
RHI-VIS-068,phase-8-visual-compare-2026-03-22,2026-03-22,/mastering-sitemaps-in-sfcc/,src/content/posts/mastering-sitemaps-in-sfcc/index.md,200,200,1,1,8292,8163,0,0,3,3,1,1,0,0,pass,none,visual-structure-aligned,Visual structure metrics are within tolerance for rendered article-body parity.,,
RHI-VIS-069,phase-8-visual-compare-2026-03-22,2026-03-22,/migrate-magento-passwords-using-argon2/,src/content/posts/migrate-magento-passwords-using-argon2/index.md,200,200,1,1,5703,5746,3,3,0,0,0,0,0,0,pass,none,visual-structure-aligned,Visual structure metrics are within tolerance for rendered article-body parity.,,
RHI-VIS-070,phase-8-visual-compare-2026-03-22,2026-03-22,/navigating-dates-calendars-in-sfcc/,src/content/posts/navigating-dates-calendars-in-sfcc/index.md,200,200,1,1,16308,16805,8,8,3,3,0,0,0,0,pass,none,visual-structure-aligned,Visual structure metrics are within tolerance for rendered article-body parity.,,
RHI-VIS-071,phase-8-visual-compare-2026-03-22,2026-03-22,/new-apis-and-features-for-a-headless-sfcc/,src/content/posts/new-apis-and-features-for-a-headless-sfcc/index.md,200,200,1,1,4746,4746,0,0,1,1,0,0,0,0,pass,none,visual-structure-aligned,Visual structure metrics are within tolerance for rendered article-body parity.,,
RHI-VIS-072,phase-8-visual-compare-2026-03-22,2026-03-22,/non-technical-sfcc-certifications/,src/content/posts/non-technical-sfcc-certifications/index.md,200,200,1,1,7771,7783,0,0,6,6,0,0,0,0,pass,none,visual-structure-aligned,Visual structure metrics are within tolerance for rendered article-body parity.,,
RHI-VIS-073,phase-8-visual-compare-2026-03-22,2026-03-22,/office-hours-for-salesforce-b2c-commerce-cloud/,src/content/posts/office-hours-for-salesforce-b2c-commerce-cloud/index.md,200,200,1,1,3806,3792,0,0,0,0,0,0,0,0,pass,none,visual-structure-aligned,Visual structure metrics are within tolerance for rendered article-body parity.,,
RHI-VIS-074,phase-8-visual-compare-2026-03-22,2026-03-22,/pdf-and-salesforce-commerce-cloud-b2c/,src/content/posts/pdf-and-salesforce-commerce-cloud-b2c/index.md,200,200,1,1,8589,8584,0,0,1,1,0,0,0,0,pass,none,visual-structure-aligned,Visual structure metrics are within tolerance for rendered article-body parity.,,
RHI-VIS-075,phase-8-visual-compare-2026-03-22,2026-03-22,/phase-3-performance-baseline/,src/content/posts/phase-3-performance-baseline/index.md,200,404,,1,0,170,0,0,0,0,0,0,0,0,needs-review,low,scaffold-exception,Live does not expose an article body baseline but local does; treat as local-only scope exception.,tmp/phase-8-article-fidelity-visual-2026-03-22-screenshots/phase-3-performance-baseline/live.png,tmp/phase-8-article-fidelity-visual-2026-03-22-screenshots/phase-3-performance-baseline/local.png
RHI-VIS-076,phase-8-visual-compare-2026-03-22,2026-03-22,/podcasts-for-salesforce-b2c-commerce-cloud/,src/content/posts/podcasts-for-salesforce-b2c-commerce-cloud/index.md,200,200,1,1,6306,6308,0,0,0,0,0,0,0,0,pass,none,visual-structure-aligned,Visual structure metrics are within tolerance for rendered article-body parity.,,
RHI-VIS-077,phase-8-visual-compare-2026-03-22,2026-03-22,/preparing-for-the-b2c-commerce-developer-certification/,src/content/posts/preparing-for-the-b2c-commerce-developer-certification/index.md,200,200,1,1,9636,9634,0,0,0,0,0,0,0,0,pass,none,visual-structure-aligned,Visual structure metrics are within tolerance for rendered article-body parity.,,
RHI-VIS-078,phase-8-visual-compare-2026-03-22,2026-03-22,/real-time-inventory-checks-in-sfcc/,src/content/posts/real-time-inventory-checks-in-sfcc/index.md,200,200,1,1,14119,14126,0,0,3,3,0,0,0,0,pass,none,visual-structure-aligned,Visual structure metrics are within tolerance for rendered article-body parity.,,
RHI-VIS-079,phase-8-visual-compare-2026-03-22,2026-03-22,/reflecting-on-2-years-of-blogging/,src/content/posts/reflecting-on-2-years-of-blogging/index.md,200,200,1,1,3862,3858,0,0,2,2,0,0,0,0,pass,none,visual-structure-aligned,Visual structure metrics are within tolerance for rendered article-body parity.,,
RHI-VIS-080,phase-8-visual-compare-2026-03-22,2026-03-22,/salesforce-b2c-commerce-cloud-22-10/,src/content/posts/salesforce-b2c-commerce-cloud-22-10/index.md,200,200,1,1,7960,8035,1,1,6,6,0,0,0,0,pass,none,visual-structure-aligned,Visual structure metrics are within tolerance for rendered article-body parity.,,
RHI-VIS-081,phase-8-visual-compare-2026-03-22,2026-03-22,/salesforce-b2c-commerce-cloud-22-8/,src/content/posts/salesforce-b2c-commerce-cloud-22-8/index.md,200,200,1,1,12486,12462,2,2,4,4,1,1,0,0,pass,none,visual-structure-aligned,Visual structure metrics are within tolerance for rendered article-body parity.,,
RHI-VIS-082,phase-8-visual-compare-2026-03-22,2026-03-22,/salesforce-b2c-commerce-cloud-22-9-release/,src/content/posts/salesforce-b2c-commerce-cloud-22-9-release/index.md,200,200,1,1,4681,4728,0,0,2,2,0,0,0,0,pass,none,visual-structure-aligned,Visual structure metrics are within tolerance for rendered article-body parity.,,
RHI-VIS-083,phase-8-visual-compare-2026-03-22,2026-03-22,/salesforce-b2c-commerce-cloud-23-1/,src/content/posts/salesforce-b2c-commerce-cloud-23-1/index.md,200,200,1,1,7215,7289,2,2,2,2,0,0,0,0,pass,none,visual-structure-aligned,Visual structure metrics are within tolerance for rendered article-body parity.,,
RHI-VIS-084,phase-8-visual-compare-2026-03-22,2026-03-22,/salesforce-b2c-commerce-cloud-23-10-release-a-comprehensive-overview/,src/content/posts/salesforce-b2c-commerce-cloud-23-10-release-a-comprehensive-overview/index.md,200,200,1,1,7578,7564,0,0,2,2,0,0,0,0,pass,none,visual-structure-aligned,Visual structure metrics are within tolerance for rendered article-body parity.,,
RHI-VIS-085,phase-8-visual-compare-2026-03-22,2026-03-22,/salesforce-b2c-commerce-cloud-23-2/,src/content/posts/salesforce-b2c-commerce-cloud-23-2/index.md,200,200,1,1,11588,11610,2,2,4,4,0,0,0,0,pass,none,visual-structure-aligned,Visual structure metrics are within tolerance for rendered article-body parity.,,
RHI-VIS-086,phase-8-visual-compare-2026-03-22,2026-03-22,/salesforce-b2c-commerce-cloud-23-3-release/,src/content/posts/salesforce-b2c-commerce-cloud-23-3-release/index.md,200,200,1,1,10413,10435,0,0,2,2,0,0,0,0,pass,none,visual-structure-aligned,Visual structure metrics are within tolerance for rendered article-body parity.,,
RHI-VIS-087,phase-8-visual-compare-2026-03-22,2026-03-22,/salesforce-b2c-commerce-cloud-catalog-erd/,src/content/posts/salesforce-b2c-commerce-cloud-catalog-erd/index.md,200,200,1,1,3526,3520,0,0,1,1,0,0,0,0,pass,none,visual-structure-aligned,Visual structure metrics are within tolerance for rendered article-body parity.,,
RHI-VIS-088,phase-8-visual-compare-2026-03-22,2026-03-22,/salesforce-b2c-commerce-cloud-content-erd/,src/content/posts/salesforce-b2c-commerce-cloud-content-erd/index.md,200,200,1,1,1441,1438,0,0,1,1,0,0,0,0,pass,none,visual-structure-aligned,Visual structure metrics are within tolerance for rendered article-body parity.,,
RHI-VIS-089,phase-8-visual-compare-2026-03-22,2026-03-22,/salesforce-b2c-commerce-cloud-customer-erd/,src/content/posts/salesforce-b2c-commerce-cloud-customer-erd/index.md,200,200,1,1,1735,1734,0,0,1,1,0,0,0,0,pass,none,visual-structure-aligned,Visual structure metrics are within tolerance for rendered article-body parity.,,
RHI-VIS-090,phase-8-visual-compare-2026-03-22,2026-03-22,/salesforce-b2c-commerce-cloud-documentation/,src/content/posts/salesforce-b2c-commerce-cloud-documentation/index.md,200,200,1,1,9823,9813,0,0,3,3,2,2,0,0,pass,none,visual-structure-aligned,Visual structure metrics are within tolerance for rendered article-body parity.,,
RHI-VIS-091,phase-8-visual-compare-2026-03-22,2026-03-22,/salesforce-b2c-commerce-cloud-governance-and-quotas/,src/content/posts/salesforce-b2c-commerce-cloud-governance-and-quotas/index.md,200,200,1,1,10558,10570,3,3,5,5,0,0,0,0,pass,none,visual-structure-aligned,Visual structure metrics are within tolerance for rendered article-body parity.,,
RHI-VIS-092,phase-8-visual-compare-2026-03-22,2026-03-22,/salesforce-b2c-commerce-cloud-november-2022-updates/,src/content/posts/salesforce-b2c-commerce-cloud-november-2022-updates/index.md,200,200,1,1,4241,4276,0,0,0,0,0,0,0,0,pass,none,visual-structure-aligned,Visual structure metrics are within tolerance for rendered article-body parity.,,
RHI-VIS-093,phase-8-visual-compare-2026-03-22,2026-03-22,/salesforce-b2c-commerce-cloud-october-updates/,src/content/posts/salesforce-b2c-commerce-cloud-october-updates/index.md,200,200,1,1,2773,2764,0,0,1,1,0,0,0,0,pass,none,visual-structure-aligned,Visual structure metrics are within tolerance for rendered article-body parity.,,
RHI-VIS-094,phase-8-visual-compare-2026-03-22,2026-03-22,/salesforce-b2c-commerce-cloud-the-22-7-release/,src/content/posts/salesforce-b2c-commerce-cloud-the-22-7-release/index.md,200,200,1,1,4802,4845,0,0,1,1,0,0,0,0,pass,none,visual-structure-aligned,Visual structure metrics are within tolerance for rendered article-body parity.,,
RHI-VIS-095,phase-8-visual-compare-2026-03-22,2026-03-22,/salesforce-b2c-commerce-the-22-5-release/,src/content/posts/salesforce-b2c-commerce-the-22-5-release/index.md,200,200,1,1,6135,6162,0,0,4,4,0,0,0,0,pass,none,visual-structure-aligned,Visual structure metrics are within tolerance for rendered article-body parity.,,
RHI-VIS-096,phase-8-visual-compare-2026-03-22,2026-03-22,/salesforce-b2c-commerce-the-22-6-release/,src/content/posts/salesforce-b2c-commerce-the-22-6-release/index.md,200,200,1,1,4155,4150,0,0,5,5,0,0,0,0,pass,none,visual-structure-aligned,Visual structure metrics are within tolerance for rendered article-body parity.,,
RHI-VIS-097,phase-8-visual-compare-2026-03-22,2026-03-22,/salesforce-commerce-cloud-products/,src/content/posts/salesforce-commerce-cloud-products/index.md,200,200,1,1,7112,7128,0,0,9,9,0,0,0,0,pass,none,visual-structure-aligned,Visual structure metrics are within tolerance for rendered article-body parity.,,
RHI-VIS-098,phase-8-visual-compare-2026-03-22,2026-03-22,/salesforce-connections-2024-and-sfcc/,src/content/posts/salesforce-connections-2024-and-sfcc/index.md,200,200,1,1,6756,6789,0,0,1,1,0,0,0,0,pass,none,visual-structure-aligned,Visual structure metrics are within tolerance for rendered article-body parity.,,
RHI-VIS-099,phase-8-visual-compare-2026-03-22,2026-03-22,/salesforce-payments-experience-explained/,src/content/posts/salesforce-payments-experience-explained/index.md,200,200,1,1,6660,6730,0,0,2,2,0,0,0,0,pass,none,visual-structure-aligned,Visual structure metrics are within tolerance for rendered article-body parity.,,
RHI-VIS-100,phase-8-visual-compare-2026-03-22,2026-03-22,/secure-coding-in-salesforce-b2c-commerce-cloud/,src/content/posts/secure-coding-in-salesforce-b2c-commerce-cloud/index.md,200,200,1,1,11274,11275,1,1,2,2,0,0,0,0,pass,none,visual-structure-aligned,Visual structure metrics are within tolerance for rendered article-body parity.,,
RHI-VIS-101,phase-8-visual-compare-2026-03-22,2026-03-22,/sending-emails-from-sfcc/,src/content/posts/sending-emails-from-sfcc/index.md,200,200,1,1,7227,7258,3,3,2,2,0,0,0,0,pass,none,visual-structure-aligned,Visual structure metrics are within tolerance for rendered article-body parity.,,
RHI-VIS-102,phase-8-visual-compare-2026-03-22,2026-03-22,/server-side-performance-in-sfcc/,src/content/posts/server-side-performance-in-sfcc/index.md,200,200,1,1,7510,7507,0,0,6,6,0,0,0,0,pass,none,visual-structure-aligned,Visual structure metrics are within tolerance for rendered article-body parity.,,
RHI-VIS-103,phase-8-visual-compare-2026-03-22,2026-03-22,/sfcc-24-1-release-a-new-year-update/,src/content/posts/sfcc-24-1-release-a-new-year-update/index.md,200,200,1,1,4565,4560,0,0,2,2,0,0,0,0,pass,none,visual-structure-aligned,Visual structure metrics are within tolerance for rendered article-body parity.,,
RHI-VIS-104,phase-8-visual-compare-2026-03-22,2026-03-22,/sfcc-basket-order-erd/,src/content/posts/sfcc-basket-order-erd/index.md,200,200,1,1,2157,2206,0,0,1,1,0,0,0,0,pass,none,visual-structure-aligned,Visual structure metrics are within tolerance for rendered article-body parity.,,
RHI-VIS-105,phase-8-visual-compare-2026-03-22,2026-03-22,/sfcc-introduction/,src/content/posts/sfcc-introduction/index.md,200,200,1,1,6497,6522,1,1,0,0,0,0,0,0,pass,none,visual-structure-aligned,Visual structure metrics are within tolerance for rendered article-body parity.,,
RHI-VIS-106,phase-8-visual-compare-2026-03-22,2026-03-22,/sfcc-url-cracking-the-code/,src/content/posts/sfcc-url-cracking-the-code/index.md,200,200,1,1,4442,4429,6,6,1,1,0,0,0,0,pass,none,visual-structure-aligned,Visual structure metrics are within tolerance for rendered article-body parity.,,
RHI-VIS-107,phase-8-visual-compare-2026-03-22,2026-03-22,/should-i-get-javascript-developer-i-certified/,src/content/posts/should-i-get-javascript-developer-i-certified/index.md,200,200,1,1,2781,2777,0,0,2,2,0,0,0,0,pass,none,visual-structure-aligned,Visual structure metrics are within tolerance for rendered article-body parity.,,
RHI-VIS-108,phase-8-visual-compare-2026-03-22,2026-03-22,/should-i-use-sfra-rest-endpoints-in-a-composable-storefront/,src/content/posts/should-i-use-sfra-rest-endpoints-in-a-composable-storefront/index.md,200,200,1,1,3247,3250,0,0,1,1,0,0,0,0,pass,none,visual-structure-aligned,Visual structure metrics are within tolerance for rendered article-body parity.,,
RHI-VIS-109,phase-8-visual-compare-2026-03-22,2026-03-22,/simplifying-the-salesforce-order-of-execution/,src/content/posts/simplifying-the-salesforce-order-of-execution/index.md,200,200,1,1,8526,8509,0,0,2,2,0,0,0,0,pass,none,visual-structure-aligned,Visual structure metrics are within tolerance for rendered article-body parity.,,
RHI-VIS-110,phase-8-visual-compare-2026-03-22,2026-03-22,/sitegenesis-vs-sfra-vs-pwa/,src/content/posts/sitegenesis-vs-sfra-vs-pwa/index.md,200,200,1,1,8198,8252,0,0,7,7,0,0,0,0,pass,none,visual-structure-aligned,Visual structure metrics are within tolerance for rendered article-body parity.,,
RHI-VIS-111,phase-8-visual-compare-2026-03-22,2026-03-22,/slas-in-sfra-or-sitegenesis/,src/content/posts/slas-in-sfra-or-sitegenesis/index.md,200,200,1,1,13239,13226,0,0,2,2,0,0,0,0,pass,none,visual-structure-aligned,Visual structure metrics are within tolerance for rendered article-body parity.,,
RHI-VIS-112,phase-8-visual-compare-2026-03-22,2026-03-22,/slicing-versus-variation-groups-in-sfcc/,src/content/posts/slicing-versus-variation-groups-in-sfcc/index.md,200,200,1,1,6503,6502,0,0,4,4,0,0,0,0,pass,none,visual-structure-aligned,Visual structure metrics are within tolerance for rendered article-body parity.,,
RHI-VIS-113,phase-8-visual-compare-2026-03-22,2026-03-22,/storefront-protection-in-the-pwa-kit/,src/content/posts/storefront-protection-in-the-pwa-kit/index.md,200,200,1,1,3879,3878,1,1,2,2,0,0,0,0,pass,none,visual-structure-aligned,Visual structure metrics are within tolerance for rendered article-body parity.,,
RHI-VIS-114,phase-8-visual-compare-2026-03-22,2026-03-22,/submit-multipart-form-data-to-a-third-party-service-in-sfcc/,src/content/posts/submit-multipart-form-data-to-a-third-party-service-in-sfcc/index.md,200,200,1,1,3506,3506,4,4,1,1,0,0,0,0,pass,none,visual-structure-aligned,Visual structure metrics are within tolerance for rendered article-body parity.,,
RHI-VIS-115,phase-8-visual-compare-2026-03-22,2026-03-22,/submitting-a-file-to-a-third-party-service-in-sfcc/,src/content/posts/submitting-a-file-to-a-third-party-service-in-sfcc/index.md,200,200,1,1,4421,4480,5,5,2,2,0,0,0,0,pass,none,visual-structure-aligned,Visual structure metrics are within tolerance for rendered article-body parity.,,
RHI-VIS-116,phase-8-visual-compare-2026-03-22,2026-03-22,/taming-the-beast-a-developers-deep-dive-into-sfcc-meta-tag-rules/,src/content/posts/taming-the-beast-a-developers-deep-dive-into-sfcc-meta-tag-rules/index.md,200,200,1,1,19779,19808,0,0,6,6,0,0,0,0,pass,none,visual-structure-aligned,Visual structure metrics are within tolerance for rendered article-body parity.,,
RHI-VIS-117,phase-8-visual-compare-2026-03-22,2026-03-22,/the-attribute-fallback-system-in-sfcc/,src/content/posts/the-attribute-fallback-system-in-sfcc/index.md,200,200,1,1,5349,5351,0,0,3,3,0,0,0,0,pass,none,visual-structure-aligned,Visual structure metrics are within tolerance for rendered article-body parity.,,
RHI-VIS-118,phase-8-visual-compare-2026-03-22,2026-03-22,/the-b2c-commerce-architect-certification/,src/content/posts/the-b2c-commerce-architect-certification/index.md,200,200,1,1,11591,11587,0,0,2,2,0,0,0,0,pass,none,visual-structure-aligned,Visual structure metrics are within tolerance for rendered article-body parity.,,
RHI-VIS-119,phase-8-visual-compare-2026-03-22,2026-03-22,/the-createorders-api-in-sfcc/,src/content/posts/the-createorders-api-in-sfcc/index.md,200,200,1,1,6451,6297,3,3,2,2,0,0,0,0,pass,none,visual-structure-aligned,Visual structure metrics are within tolerance for rendered article-body parity.,,
RHI-VIS-120,phase-8-visual-compare-2026-03-22,2026-03-22,/the-deprecation-of-the-uuid-token-for-api-clients/,src/content/posts/the-deprecation-of-the-uuid-token-for-api-clients/index.md,200,200,1,1,5969,6001,3,3,1,1,0,0,0,0,pass,none,visual-structure-aligned,Visual structure metrics are within tolerance for rendered article-body parity.,,
RHI-VIS-121,phase-8-visual-compare-2026-03-22,2026-03-22,/the-importance-of-origin-shielding/,src/content/posts/the-importance-of-origin-shielding/index.md,200,200,1,1,4961,4967,0,0,3,3,0,0,0,0,pass,none,visual-structure-aligned,Visual structure metrics are within tolerance for rendered article-body parity.,,
RHI-VIS-122,phase-8-visual-compare-2026-03-22,2026-03-22,/the-journey-from-developer-to-architect/,src/content/posts/the-journey-from-developer-to-architect/index.md,200,200,1,1,6371,6374,0,0,4,4,0,0,0,0,pass,none,visual-structure-aligned,Visual structure metrics are within tolerance for rendered article-body parity.,,
RHI-VIS-123,phase-8-visual-compare-2026-03-22,2026-03-22,/the-latest-in-sfcc-version-24-7/,src/content/posts/the-latest-in-sfcc-version-24-7/index.md,200,200,1,1,10094,10092,0,0,0,0,0,0,0,0,pass,none,visual-structure-aligned,Visual structure metrics are within tolerance for rendered article-body parity.,,
RHI-VIS-124,phase-8-visual-compare-2026-03-22,2026-03-22,/the-move-from-on-site-to-remote/,src/content/posts/the-move-from-on-site-to-remote/index.md,200,200,1,1,6012,6011,0,0,3,3,0,0,0,0,pass,none,visual-structure-aligned,Visual structure metrics are within tolerance for rendered article-body parity.,,
RHI-VIS-125,phase-8-visual-compare-2026-03-22,2026-03-22,/the-move-from-sitegenesis-and-sfra-to-the-composable-storefront-as-a-developer/,src/content/posts/the-move-from-sitegenesis-and-sfra-to-the-composable-storefront-as-a-developer/index.md,200,200,1,1,4396,4396,0,0,3,3,0,0,0,0,pass,none,visual-structure-aligned,Visual structure metrics are within tolerance for rendered article-body parity.,,
RHI-VIS-126,phase-8-visual-compare-2026-03-22,2026-03-22,/the-realm-split-field-guide-to-migrating-an-sfcc-site/,src/content/posts/the-realm-split-field-guide-to-migrating-an-sfcc-site/index.md,200,200,1,1,30926,30805,0,0,4,4,1,1,0,0,pass,none,visual-structure-aligned,Visual structure metrics are within tolerance for rendered article-body parity.,,
RHI-VIS-127,phase-8-visual-compare-2026-03-22,2026-03-22,/the-request-body-in-an-sfcc-controller/,src/content/posts/the-request-body-in-an-sfcc-controller/index.md,200,200,1,1,4307,4299,4,4,2,2,0,0,0,0,pass,none,visual-structure-aligned,Visual structure metrics are within tolerance for rendered article-body parity.,,
RHI-VIS-128,phase-8-visual-compare-2026-03-22,2026-03-22,/the-salesforce-b2c-commerce-cloud-environment/,src/content/posts/the-salesforce-b2c-commerce-cloud-environment/index.md,200,200,1,1,3927,3928,0,0,2,2,0,0,0,0,pass,none,visual-structure-aligned,Visual structure metrics are within tolerance for rendered article-body parity.,,
RHI-VIS-129,phase-8-visual-compare-2026-03-22,2026-03-22,/the-sfcc-guide-to-finding-pod-numbers/,src/content/posts/the-sfcc-guide-to-finding-pod-numbers/index.md,200,200,1,1,10865,10860,0,0,1,1,0,0,0,0,pass,none,visual-structure-aligned,Visual structure metrics are within tolerance for rendered article-body parity.,,
RHI-VIS-130,phase-8-visual-compare-2026-03-22,2026-03-22,/the-state-of-ohana-for-salesforce-commerce-cloud/,src/content/posts/the-state-of-ohana-for-salesforce-commerce-cloud/index.md,200,200,1,1,5362,5372,0,0,6,6,0,0,0,0,pass,none,visual-structure-aligned,Visual structure metrics are within tolerance for rendered article-body parity.,,
RHI-VIS-131,phase-8-visual-compare-2026-03-22,2026-03-22,/the-sunsetting-of-arc300-architect-b2c-commerce-solutions/,src/content/posts/the-sunsetting-of-arc300-architect-b2c-commerce-solutions/index.md,200,200,1,1,3803,3801,0,0,1,1,0,0,0,0,pass,none,visual-structure-aligned,Visual structure metrics are within tolerance for rendered article-body parity.,,
RHI-VIS-132,phase-8-visual-compare-2026-03-22,2026-03-22,/third-party-api-caching-in-commerce-cloud/,src/content/posts/third-party-api-caching-in-commerce-cloud/index.md,200,200,1,1,7694,7726,1,1,4,4,0,0,0,0,pass,none,visual-structure-aligned,Visual structure metrics are within tolerance for rendered article-body parity.,,
RHI-VIS-133,phase-8-visual-compare-2026-03-22,2026-03-22,/three-things-to-secure-sfcc/,src/content/posts/three-things-to-secure-sfcc/index.md,200,200,1,1,3512,3514,0,0,2,2,0,0,0,0,pass,none,visual-structure-aligned,Visual structure metrics are within tolerance for rendered article-body parity.,,
RHI-VIS-134,phase-8-visual-compare-2026-03-22,2026-03-22,/trailblazerdx-2022-for-b2c-commerce/,src/content/posts/trailblazerdx-2022-for-b2c-commerce/index.md,200,200,1,1,5189,5228,0,0,1,1,0,0,0,0,pass,none,visual-structure-aligned,Visual structure metrics are within tolerance for rendered article-body parity.,,
RHI-VIS-135,phase-8-visual-compare-2026-03-22,2026-03-22,/understanding-locale-fallback-in-sfcc/,src/content/posts/understanding-locale-fallback-in-sfcc/index.md,200,200,1,1,5573,5580,0,0,3,3,0,0,0,0,pass,none,visual-structure-aligned,Visual structure metrics are within tolerance for rendered article-body parity.,,
RHI-VIS-136,phase-8-visual-compare-2026-03-22,2026-03-22,/understanding-sfcc-instances/,src/content/posts/understanding-sfcc-instances/index.md,200,200,1,1,9292,9273,0,0,4,4,0,0,0,0,pass,none,visual-structure-aligned,Visual structure metrics are within tolerance for rendered article-body parity.,,
RHI-VIS-137,phase-8-visual-compare-2026-03-22,2026-03-22,/unravelling-the-mystery-of-dates-in-the-ocapi/,src/content/posts/unravelling-the-mystery-of-dates-in-the-ocapi/index.md,200,200,1,1,5038,5090,5,5,2,2,0,0,0,0,pass,none,visual-structure-aligned,Visual structure metrics are within tolerance for rendered article-body parity.,,
RHI-VIS-138,phase-8-visual-compare-2026-03-22,2026-03-22,/what-can-i-use-chatgpt-for-when-working-with-salesforce/,src/content/posts/what-can-i-use-chatgpt-for-when-working-with-salesforce/index.md,200,200,1,1,5789,5775,1,1,6,6,0,0,0,0,pass,none,visual-structure-aligned,Visual structure metrics are within tolerance for rendered article-body parity.,,
RHI-VIS-139,phase-8-visual-compare-2026-03-22,2026-03-22,/what-does-the-composable-storefront-mean-for-sfcc-developers/,src/content/posts/what-does-the-composable-storefront-mean-for-sfcc-developers/index.md,200,200,1,1,8380,8383,0,0,3,3,0,0,0,0,pass,none,visual-structure-aligned,Visual structure metrics are within tolerance for rendered article-body parity.,,
RHI-VIS-140,phase-8-visual-compare-2026-03-22,2026-03-22,/what-is-commerce-on-core/,src/content/posts/what-is-commerce-on-core/index.md,200,200,1,1,10226,10218,0,0,6,6,0,0,0,0,pass,none,visual-structure-aligned,Visual structure metrics are within tolerance for rendered article-body parity.,,
RHI-VIS-141,phase-8-visual-compare-2026-03-22,2026-03-22,/what-is-new-in-sfcc-24-6/,src/content/posts/what-is-new-in-sfcc-24-6/index.md,200,200,1,1,8559,8582,0,0,1,1,0,0,0,0,pass,none,visual-structure-aligned,Visual structure metrics are within tolerance for rendered article-body parity.,,
RHI-VIS-142,phase-8-visual-compare-2026-03-22,2026-03-22,/what-is-new-in-the-23-8-commerce-cloud-release/,src/content/posts/what-is-new-in-the-23-8-commerce-cloud-release/index.md,200,200,1,1,7887,7898,0,0,1,1,0,0,0,0,pass,none,visual-structure-aligned,Visual structure metrics are within tolerance for rendered article-body parity.,,
RHI-VIS-143,phase-8-visual-compare-2026-03-22,2026-03-22,/what-is-oci-omnichannel-inventory/,src/content/posts/what-is-oci-omnichannel-inventory/index.md,200,200,1,1,6084,6073,0,0,3,3,0,0,0,0,pass,none,visual-structure-aligned,Visual structure metrics are within tolerance for rendered article-body parity.,,
RHI-VIS-144,phase-8-visual-compare-2026-03-22,2026-03-22,/what-is-the-ocapi-session-bridge/,src/content/posts/what-is-the-ocapi-session-bridge/index.md,200,200,1,1,7563,7937,8,8,4,4,0,0,0,0,pass,none,visual-structure-aligned,Visual structure metrics are within tolerance for rendered article-body parity.,,
RHI-VIS-145,phase-8-visual-compare-2026-03-22,2026-03-22,/what-is-the-sfcc-managed-runtime/,src/content/posts/what-is-the-sfcc-managed-runtime/index.md,200,200,1,1,5079,5082,0,0,4,4,0,0,0,0,pass,none,visual-structure-aligned,Visual structure metrics are within tolerance for rendered article-body parity.,,
RHI-VIS-146,phase-8-visual-compare-2026-03-22,2026-03-22,/what-skills-do-i-need-as-a-sfcc-architect/,src/content/posts/what-skills-do-i-need-as-a-sfcc-architect/index.md,200,200,1,1,8121,8129,0,0,3,3,0,0,0,0,pass,none,visual-structure-aligned,Visual structure metrics are within tolerance for rendered article-body parity.,,
RHI-VIS-147,phase-8-visual-compare-2026-03-22,2026-03-22,/where-is-the-new-sfcc-documentation/,src/content/posts/where-is-the-new-sfcc-documentation/index.md,200,200,1,1,4939,4937,0,0,3,3,0,0,0,0,pass,none,visual-structure-aligned,Visual structure metrics are within tolerance for rendered article-body parity.,,
RHI-VIS-148,phase-8-visual-compare-2026-03-22,2026-03-22,/where-to-hook-into-an-sfra-controller/,src/content/posts/where-to-hook-into-an-sfra-controller/index.md,200,200,1,1,6550,6568,5,5,6,6,0,0,0,0,pass,none,visual-structure-aligned,Visual structure metrics are within tolerance for rendered article-body parity.,,
RHI-VIS-149,phase-8-visual-compare-2026-03-22,2026-03-22,/where-to-start-when-you-are-new-to-salesforce-b2c-commerce-cloud-development/,src/content/posts/where-to-start-when-you-are-new-to-salesforce-b2c-commerce-cloud-development/index.md,200,200,1,1,4188,4189,0,0,3,3,0,0,0,0,pass,none,visual-structure-aligned,Visual structure metrics are within tolerance for rendered article-body parity.,,
RHI-VIS-150,phase-8-visual-compare-2026-03-22,2026-03-22,/why-circumventing-sfcc-quota-limits-is-a-bad-idea/,src/content/posts/why-circumventing-sfcc-quota-limits-is-a-bad-idea/index.md,200,200,1,1,8420,8395,2,1,2,2,0,0,0,0,pass,none,visual-structure-aligned,Visual structure metrics are within tolerance for rendered article-body parity.,,
RHI-VIS-151,phase-8-visual-compare-2026-03-22,2026-03-22,/your-definitive-mobile-app-checklist/,src/content/posts/your-definitive-mobile-app-checklist/index.md,200,200,1,1,19330,19322,0,0,3,3,0,0,0,0,pass,none,visual-structure-aligned,Visual structure metrics are within tolerance for rendered article-body parity.,,
