audit_id,audit_run_id,audit_date,article_url,source_file,signals,live_h1,local_h1,text_similarity,heading_similarity,code_similarity,baseline_delta_status,manual_verification_status,overall_result,severity,finding_classification,summary,recommended_action,evidence
RHI-RERUN-001,phase-8-rerun-2026-03-16,2026-03-16,/20-years-of-dreamforce/,src/content/posts/20-years-of-dreamforce/index.md,community|events|body-parity,20 years of Dreamforce,20 years of Dreamforce,0.979,0.786,1.000,unchanged,automated,pass,none,no-material-drift,No material reader-facing drift was detected in the rerun.,No action required.,text_similarity=0.979; heading_similarity=0.786; code_similarity=1; raw_url_diff=0.
RHI-RERUN-002,phase-8-rerun-2026-03-16,2026-03-16,/a-beginners-guide-to-webdav-in-sfcc/,src/content/posts/a-beginners-guide-to-webdav-in-sfcc/index.md,code-heavy|webdav|file-management,A Beginner’s Guide to WebDAV for Salesforce B2C Commerce Cloud: Simplifying File Management,Beginner's Guide to WebDAV in SFCC,0.962,1.000,1.000,regressed,deterministic,needs-review,medium,title-h1-drift,"The body is stable, but the local H1 differs materially from the live article title.",Decide whether to keep the rewritten local H1 or align it to the live article headline.,Live H1: A Beginner’s Guide to WebDAV for Salesforce B2C Commerce Cloud: Simplifying File Management; Local H1: Beginner's Guide to WebDAV in SFCC; text_similarity=0.962; code_similarity=1.
RHI-RERUN-003,phase-8-rerun-2026-03-16,2026-03-16,/a-deep-dive-into-the-23-7-sfcc-release/,src/content/posts/a-deep-dive-into-the-23-7-sfcc-release/index.md,release-notes|editorial-drift,A deep-dive into the 23.7 Commerce Cloud release,A deep-dive into the 23.7 Commerce Cloud release,0.946,1.000,1.000,unchanged,automated,pass,none,no-material-drift,No material reader-facing drift was detected in the rerun.,No action required.,text_similarity=0.946; heading_similarity=1; code_similarity=1; raw_url_diff=0.
RHI-RERUN-004,phase-8-rerun-2026-03-16,2026-03-16,/a-dev-guide-to-combating-fraud-on-sfcc/,src/content/posts/a-dev-guide-to-combating-fraud-on-sfcc/index.md,longform|security|title-drift,Unmasking the Ghosts in the Machine: A Developer’s Guide to Combating Fraud on Salesforce B2C Commerce Cloud,Developer's Guide to Combating Fraud in SFCC,0.955,1.000,1.000,regressed,deterministic,needs-review,medium,title-h1-drift,"The body is stable, but the local H1 differs materially from the live article title.",Decide whether to keep the rewritten local H1 or align it to the live article headline.,Live H1: Unmasking the Ghosts in the Machine: A Developer’s Guide to Combating Fraud on Salesforce B2C Commerce Cloud; Local H1: Developer's Guide to Combating Fraud in SFCC; text_similarity=0.955; code_similarity=1.
RHI-RERUN-005,phase-8-rerun-2026-03-16,2026-03-16,/a-look-at-the-23-9-commerce-cloud-release/,src/content/posts/a-look-at-the-23-9-commerce-cloud-release/index.md,release-notes|title-drift|headless,Transforming the Future with the 23.9 Release and Custom SCAPI Endpoints,SFCC 23.9 Release Highlights and SCAPI Updates,0.941,1.000,1.000,regressed,deterministic,needs-review,medium,title-h1-drift,"The body is stable, but the local H1 differs materially from the live article title.",Decide whether to keep the rewritten local H1 or align it to the live article headline.,Live H1: Transforming the Future with the 23.9 Release and Custom SCAPI Endpoints; Local H1: SFCC 23.9 Release Highlights and SCAPI Updates; text_similarity=0.941; code_similarity=1.
RHI-RERUN-006,phase-8-rerun-2026-03-16,2026-03-16,/a-look-at-the-salesforce-b2c-commerce-cloud-23-6-release/,src/content/posts/a-look-at-the-salesforce-b2c-commerce-cloud-23-6-release/index.md,release-notes|slas|identifier-examples,A look at the Salesforce B2C Commerce Cloud 23.6 release,A look at the Salesforce B2C Commerce Cloud 23.6 release,0.947,1.000,1.000,unchanged,automated,pass,none,no-material-drift,No material reader-facing drift was detected in the rerun.,No action required.,text_similarity=0.947; heading_similarity=1; code_similarity=1; raw_url_diff=0.
RHI-RERUN-007,phase-8-rerun-2026-03-16,2026-03-16,/a-look-at-the-salesforce-b2c-commerce-cloud-24-2-release/,src/content/posts/a-look-at-the-salesforce-b2c-commerce-cloud-24-2-release/index.md,release-notes|callout-heavy,A look at the Salesforce B2C Commerce Cloud 24.2 release,A look at the Salesforce B2C Commerce Cloud 24.2 release,0.977,1.000,1.000,improved,confirmed,pass,none,no-material-drift,"Resolved on 2026-03-16. The XML import example now restores the allocation-timestamp tags, and the local rendered code block matches the live article.",No further action required.,Verified after remediation: live/local both render the XML import example with <allocation-timestamp> tags intact; code_similarity=1; raw_url_diff=0.
RHI-RERUN-008,phase-8-rerun-2026-03-16,2026-03-16,/a-look-at-the-sfcc-23-5-release/,src/content/posts/a-look-at-the-sfcc-23-5-release/index.md,release-notes|content-insertions,A look at the Salesforce B2C Commerce Cloud 23.5 release,A look at the Salesforce B2C Commerce Cloud 23.5 release,0.896,1.000,1.000,regressed,automated,pass,none,no-material-drift,No material reader-facing drift was detected in the rerun.,No action required.,text_similarity=0.896; heading_similarity=1; code_similarity=1; raw_url_diff=0.
RHI-RERUN-009,phase-8-rerun-2026-03-16,2026-03-16,/a-look-back-at-origin-shielding/,src/content/posts/a-look-back-at-origin-shielding/index.md,code-light|origin-shielding|formatting,A look back at Origin Shielding,A look back at Origin Shielding,0.914,0.250,1.000,regressed,automated,pass,none,structure-only-drift,Only heading-set differences were detected; no code drift or reader-visible raw-URL drift was found.,No immediate action required unless heading structure must match live exactly.,heading drift 0.250
RHI-RERUN-010,phase-8-rerun-2026-03-16,2026-03-16,/a-new-commerce-cloud-community-in-town/,src/content/posts/a-new-commerce-cloud-community-in-town/index.md,code-heavy|mailto|community-contact,A new Commerce Cloud community in town!,A new Commerce Cloud community in town!,0.855,0.429,1.000,regressed,automated-flag,needs-review,medium,body-text-review,The overall body text similarity dropped enough to warrant a manual content review.,Review the rendered body paragraphs and callouts against live to confirm whether the drift is acceptable.,moderate text similarity 0.855; heading drift 0.429
RHI-RERUN-011,phase-8-rerun-2026-03-16,2026-03-16,/a-new-day-for-commerce-recap/,src/content/posts/a-new-day-for-commerce-recap/index.md,community|events|body-parity,A New Day for Commerce: Recap,A New Day for Commerce: Recap,0.901,0.692,1.000,regressed,automated,pass,none,structure-only-drift,Only heading-set differences were detected; no code drift or reader-visible raw-URL drift was found.,No immediate action required unless heading structure must match live exactly.,heading drift 0.692
RHI-RERUN-012,phase-8-rerun-2026-03-16,2026-03-16,/a-survival-guide-to-sfcc-platform-limits/,src/content/posts/a-survival-guide-to-sfcc-platform-limits/index.md,longform,The SFCC Quota Gauntlet: A Developer’s Survival Guide to the Top Platform Limits,Survival Guide to SFCC Platform Limits,0.946,1.000,1.000,regressed,deterministic,needs-review,medium,title-h1-drift,"The body is stable, but the local H1 differs materially from the live article title.",Decide whether to keep the rewritten local H1 or align it to the live article headline.,Live H1: The SFCC Quota Gauntlet: A Developer’s Survival Guide to the Top Platform Limits; Local H1: Survival Guide to SFCC Platform Limits; text_similarity=0.946; code_similarity=1.
RHI-RERUN-013,phase-8-rerun-2026-03-16,2026-03-16,/ai-as-an-architect-and-content-creator/,src/content/posts/ai-as-an-architect-and-content-creator/index.md,community|ai|title-drift,Mastering the Power of AI: Leveraging Technology as an Architect and Content Creator,AI as an Architect and Content Creator,0.951,1.000,1.000,regressed,deterministic,needs-review,medium,title-h1-drift,"The body is stable, but the local H1 differs materially from the live article title.",Decide whether to keep the rewritten local H1 or align it to the live article headline.,Live H1: Mastering the Power of AI: Leveraging Technology as an Architect and Content Creator; Local H1: AI as an Architect and Content Creator; text_similarity=0.951; code_similarity=1.
RHI-RERUN-014,phase-8-rerun-2026-03-16,2026-03-16,/ai-automation-to-augmentation-at-work/,src/content/posts/ai-automation-to-augmentation-at-work/index.md,community|ai|body-parity,AI Automation to Augmentation: Its new role in the workplace,AI Automation to Augmentation: Its new role in the workplace,0.959,0.714,1.000,regressed,automated,pass,none,structure-only-drift,Only heading-set differences were detected; no code drift or reader-visible raw-URL drift was found.,No immediate action required unless heading structure must match live exactly.,heading drift 0.714
RHI-RERUN-015,phase-8-rerun-2026-03-16,2026-03-16,/ai-einstein-in-salesforce-b2c-commerce-cloud/,src/content/posts/ai-einstein-in-salesforce-b2c-commerce-cloud/index.md,ai|product-overview|body-parity,AI (Einstein) in Salesforce B2C Commerce Cloud,AI (Einstein) in Salesforce B2C Commerce Cloud,0.890,1.000,1.000,regressed,automated,pass,none,no-material-drift,No material reader-facing drift was detected in the rerun.,No action required.,text_similarity=0.89; heading_similarity=1; code_similarity=1; raw_url_diff=0.
RHI-RERUN-016,phase-8-rerun-2026-03-16,2026-03-16,/ai-wont-steal-your-sfcc-job-but-a-developer-using-ai-will/,src/content/posts/ai-wont-steal-your-sfcc-job-but-a-developer-using-ai-will/index.md,community|ai|title-drift,"AI Won’t Steal Your SFCC Job, But a Developer Using AI Will: The Rhino Inquisitor’s Survival Guide","AI Won't Replace Your SFCC Job, but AI Users Might",0.965,1.000,1.000,regressed,deterministic,needs-review,medium,title-h1-drift,"The body is stable, but the local H1 differs materially from the live article title.",Decide whether to keep the rewritten local H1 or align it to the live article headline.,"Live H1: AI Won’t Steal Your SFCC Job, But a Developer Using AI Will: The Rhino Inquisitor’s Survival Guide; Local H1: AI Won't Replace Your SFCC Job, but AI Users Might; text_similarity=0.965; code_similarity=1."
RHI-RERUN-017,phase-8-rerun-2026-03-16,2026-03-16,/an-overview-of-sfcc-global-functions/,src/content/posts/an-overview-of-sfcc-global-functions/index.md,code-heavy|api-reference,A Comprehensive Overview of Server-Side Global Functions in Salesforce B2C Commerce Cloud,SFCC Global Functions Overview,0.987,1.000,1.000,regressed,deterministic,needs-review,medium,title-h1-drift,"The body is stable, but the local H1 differs materially from the live article title.",Decide whether to keep the rewritten local H1 or align it to the live article headline.,Live H1: A Comprehensive Overview of Server-Side Global Functions in Salesforce B2C Commerce Cloud; Local H1: SFCC Global Functions Overview; text_similarity=0.987; code_similarity=1.
RHI-RERUN-018,phase-8-rerun-2026-03-16,2026-03-16,/b2c-commerce-cloud-campaign-erd/,src/content/posts/b2c-commerce-cloud-campaign-erd/index.md,code-heavy|xsd-snippets|erd,Campaign ERD of Salesforce B2C Commerce Cloud,Campaign ERD of Salesforce B2C Commerce Cloud,0.949,0.600,1.000,regressed,deterministic,needs-review,medium,presentation-raw-url-drift,The local article exposes visible raw URLs that are not visible in the live article body.,Replace bare visible URLs with linked prose or confirm that the local exposure is intentional.,local-only visible URLs: https://www.rhino-inquisitor.com/wp-content/uploads/2023/02/campaign-store-groups-sfcc-2023-v2.mov
RHI-RERUN-019,phase-8-rerun-2026-03-16,2026-03-16,/b2c-commerce-whats-new-in-22-4/,src/content/posts/b2c-commerce-whats-new-in-22-4/index.md,release-notes|punctuation-normalization,B2C Commerce: What’s New In 22.4,B2C Commerce: What's New In 22.4,0.887,0.929,1.000,regressed,automated-flag,needs-review,medium,body-text-review,The overall body text similarity dropped enough to warrant a manual content review.,Review the rendered body paragraphs and callouts against live to confirm whether the drift is acceptable.,moderate text similarity 0.887
RHI-RERUN-020,phase-8-rerun-2026-03-16,2026-03-16,/b2c-commerce-whats-new-in-the-22-3-release/,src/content/posts/b2c-commerce-whats-new-in-the-22-3-release/index.md,release-notes|punctuation-normalization,B2C Commerce: What’s new in the 22.3 release,B2C Commerce: What's new in the 22.3 release,0.876,0.556,1.000,regressed,automated-flag,needs-review,medium,body-text-review,The overall body text similarity dropped enough to warrant a manual content review.,Review the rendered body paragraphs and callouts against live to confirm whether the drift is acceptable.,moderate text similarity 0.876; heading drift 0.556
RHI-RERUN-021,phase-8-rerun-2026-03-16,2026-03-16,/caching-in-the-sfcc-composable-storefront/,src/content/posts/caching-in-the-sfcc-composable-storefront/index.md,code-heavy|caching,Caching in the Salesforce Composable Storefront,Caching in the Salesforce Composable Storefront,0.931,0.800,1.000,unchanged,automated,pass,none,no-material-drift,No material reader-facing drift was detected in the rerun.,No action required.,text_similarity=0.931; heading_similarity=0.8; code_similarity=1; raw_url_diff=0.
RHI-RERUN-022,phase-8-rerun-2026-03-16,2026-03-16,/caching-rest-apis-in-sfcc/,src/content/posts/caching-rest-apis-in-sfcc/index.md,code-heavy|ocapi|scapi,Leveraging Server-Side Caching to Improve SFCC REST API Speed,Server-Side Caching for Faster SFCC REST APIs,0.909,0.600,1.000,regressed,deterministic,needs-review,medium,title-h1-drift,The strongest remaining difference is the local H1 rewrite.,Decide whether to keep the rewritten local H1 or align it to the live article headline.,Live H1: Leveraging Server-Side Caching to Improve SFCC REST API Speed; Local H1: Server-Side Caching for Faster SFCC REST APIs; additional signals: heading drift 0.600.
RHI-RERUN-023,phase-8-rerun-2026-03-16,2026-03-16,/certifications-for-salesforce-b2c-commerce-cloud/,src/content/posts/certifications-for-salesforce-b2c-commerce-cloud/index.md,certification|body-parity,Certifications for Salesforce B2C Commerce Cloud,Certifications for Salesforce B2C Commerce Cloud,0.914,0.778,1.000,unchanged,automated,pass,none,no-material-drift,No material reader-facing drift was detected in the rerun.,No action required.,text_similarity=0.914; heading_similarity=0.778; code_similarity=1; raw_url_diff=0.
RHI-RERUN-024,phase-8-rerun-2026-03-16,2026-03-16,/chasing-clouds-catching-up-with-the-commercecrew-at-dreamforce-2023/,src/content/posts/chasing-clouds-catching-up-with-the-commercecrew-at-dreamforce-2023/index.md,community|events|title-drift,Chasing Clouds & Catching Up with the #CommerceCrew at Dreamforce 2023,Dreamforce 2023 Recap with the CommerceCrew,0.978,0.667,1.000,regressed,deterministic,needs-review,medium,title-h1-drift,The strongest remaining difference is the local H1 rewrite.,Decide whether to keep the rewritten local H1 or align it to the live article headline.,Live H1: Chasing Clouds & Catching Up with the #CommerceCrew at Dreamforce 2023; Local H1: Dreamforce 2023 Recap with the CommerceCrew; additional signals: heading drift 0.667.
RHI-RERUN-025,phase-8-rerun-2026-03-16,2026-03-16,/commerce-cloud-t-shirts-on-shirtforce/,src/content/posts/commerce-cloud-t-shirts-on-shirtforce/index.md,community|body-parity,Commerce Cloud t-shirts on #shirtforce,Commerce Cloud t-shirts on #shirtforce,0.949,0.778,1.000,unchanged,automated,pass,none,no-material-drift,No material reader-facing drift was detected in the rerun.,No action required.,text_similarity=0.949; heading_similarity=0.778; code_similarity=1; raw_url_diff=0.
RHI-RERUN-026,phase-8-rerun-2026-03-16,2026-03-16,/community-salesforce-events-and-commerce-cloud/,src/content/posts/community-salesforce-events-and-commerce-cloud/index.md,code-light|community|media-links,Community Salesforce Events and Commerce Cloud,Community Salesforce Events and Commerce Cloud,0.927,0.474,1.000,regressed,automated,pass,none,structure-only-drift,Only heading-set differences were detected; no code drift or reader-visible raw-URL drift was found.,No immediate action required unless heading structure must match live exactly.,heading drift 0.474
RHI-RERUN-027,phase-8-rerun-2026-03-16,2026-03-16,/creating-custom-ocapi-endpoints/,src/content/posts/creating-custom-ocapi-endpoints/index.md,code-heavy|deprecation-note,Creating custom OCAPI endpoints,Creating custom OCAPI endpoints,0.902,0.692,1.000,regressed,automated,pass,none,structure-only-drift,Only heading-set differences were detected; no code drift or reader-visible raw-URL drift was found.,No immediate action required unless heading structure must match live exactly.,heading drift 0.692
RHI-RERUN-028,phase-8-rerun-2026-03-16,2026-03-16,/custom-preferences-in-sfcc/,src/content/posts/custom-preferences-in-sfcc/index.md,code-heavy|sfcc-script|configuration,Custom Preferences in Salesforce B2C Commerce Cloud: A Developer Guide,Using Custom Preferences in SFCC,0.957,1.000,1.000,regressed,deterministic,needs-review,medium,title-h1-drift,"The body is stable, but the local H1 differs materially from the live article title.",Decide whether to keep the rewritten local H1 or align it to the live article headline.,Live H1: Custom Preferences in Salesforce B2C Commerce Cloud: A Developer Guide; Local H1: Using Custom Preferences in SFCC; text_similarity=0.957; code_similarity=1.
RHI-RERUN-029,phase-8-rerun-2026-03-16,2026-03-16,/custom-ttf-fonts-in-pdf-for-sfcc/,src/content/posts/custom-ttf-fonts-in-pdf-for-sfcc/index.md,code-heavy|pdf|font-config,Custom TTF fonts in PDF for Salesforce B2C Commerce Cloud,Custom TTF fonts in PDF for Salesforce B2C Commerce Cloud,0.948,0.400,1.000,regressed,automated,pass,none,structure-only-drift,Only heading-set differences were detected; no code drift or reader-visible raw-URL drift was found.,No immediate action required unless heading structure must match live exactly.,heading drift 0.400
RHI-RERUN-030,phase-8-rerun-2026-03-16,2026-03-16,/delta-exports-in-salesforce-b2c-commerce-cloud/,src/content/posts/delta-exports-in-salesforce-b2c-commerce-cloud/index.md,operations|exports|body-parity,Delta exports in Salesforce B2C Commerce Cloud,Delta exports in Salesforce B2C Commerce Cloud,0.914,1.000,1.000,unchanged,automated,pass,none,no-material-drift,No material reader-facing drift was detected in the rerun.,No action required.,text_similarity=0.914; heading_similarity=1; code_similarity=1; raw_url_diff=0.
RHI-RERUN-031,phase-8-rerun-2026-03-16,2026-03-16,/digging-into-the-b2c-commerce-cloud-24-3-release/,src/content/posts/digging-into-the-b2c-commerce-cloud-24-3-release/index.md,release-notes|editorial-drift,Digging into the B2C Commerce Cloud 24.3 release,Digging into the B2C Commerce Cloud 24.3 release,0.946,1.000,1.000,unchanged,automated,pass,none,no-material-drift,No material reader-facing drift was detected in the rerun.,No action required.,text_similarity=0.946; heading_similarity=1; code_similarity=1; raw_url_diff=0.
RHI-RERUN-032,phase-8-rerun-2026-03-16,2026-03-16,/events-and-the-golden-hoodie/,src/content/posts/events-and-the-golden-hoodie/index.md,code-light|community|longform,Events and the Golden Hoodie,Events and the Golden Hoodie,0.915,0.636,1.000,regressed,automated,pass,none,structure-only-drift,Only heading-set differences were detected; no code drift or reader-visible raw-URL drift was found.,No immediate action required unless heading structure must match live exactly.,heading drift 0.636
RHI-RERUN-033,phase-8-rerun-2026-03-16,2026-03-16,/everything-new-in-sfcc-23-4/,src/content/posts/everything-new-in-sfcc-23-4/index.md,release-notes|plugin-slas|code-light,Everything new in Salesforce B2C Commerce Cloud 23.4,Everything new in Salesforce B2C Commerce Cloud 23.4,0.938,1.000,1.000,unchanged,automated,pass,none,no-material-drift,No material reader-facing drift was detected in the rerun.,No action required.,text_similarity=0.938; heading_similarity=1; code_similarity=1; raw_url_diff=0.
RHI-RERUN-034,phase-8-rerun-2026-03-16,2026-03-16,/fetching-data-in-a-locale-with-sfcc/,src/content/posts/fetching-data-in-a-locale-with-sfcc/index.md,code-heavy|locale|scapi-placeholders,How do you fetch data in a different locale from Salesforce B2C Commerce Cloud?,Fetch Data in Another Locale with SFCC,0.926,1.000,1.000,regressed,deterministic,needs-review,medium,title-h1-drift,"The body is stable, but the local H1 differs materially from the live article title.",Decide whether to keep the rewritten local H1 or align it to the live article headline.,Live H1: How do you fetch data in a different locale from Salesforce B2C Commerce Cloud?; Local H1: Fetch Data in Another Locale with SFCC; text_similarity=0.926; code_similarity=1.
RHI-RERUN-035,phase-8-rerun-2026-03-16,2026-03-16,/field-guide-to-custom-caches-in-sfcc/,src/content/posts/field-guide-to-custom-caches-in-sfcc/index.md,code-heavy|longform,Field Guide to Custom Caches: Wielding a Double-Edged Sword,Field Guide to Custom Caches: Wielding a Double-Edged Sword,0.914,1.000,1.000,unchanged,automated,pass,none,no-material-drift,No material reader-facing drift was detected in the rerun.,No action required.,text_similarity=0.914; heading_similarity=1; code_similarity=1; raw_url_diff=0.
RHI-RERUN-036,phase-8-rerun-2026-03-16,2026-03-16,/get-connected-at-salesforce-connections-2022/,src/content/posts/get-connected-at-salesforce-connections-2022/index.md,community|events|body-parity,Get connected at Salesforce Connections 2022,Get connected at Salesforce Connections 2022,0.977,0.935,1.000,unchanged,automated,pass,none,no-material-drift,No material reader-facing drift was detected in the rerun.,No action required.,text_similarity=0.977; heading_similarity=0.935; code_similarity=1; raw_url_diff=0.
RHI-RERUN-037,phase-8-rerun-2026-03-16,2026-03-16,/getting-secured-with-the-24-5-salesforce-b2c-commerce-cloud-release/,src/content/posts/getting-secured-with-the-24-5-salesforce-b2c-commerce-cloud-release/index.md,release-notes|title-drift|security,Getting secured with the 24.5 Salesforce B2C Commerce Cloud release,What's New in the SFCC 24.5 Security Release,0.943,1.000,1.000,regressed,deterministic,needs-review,medium,title-h1-drift,"The body is stable, but the local H1 differs materially from the live article title.",Decide whether to keep the rewritten local H1 or align it to the live article headline.,Live H1: Getting secured with the 24.5 Salesforce B2C Commerce Cloud release; Local H1: What's New in the SFCC 24.5 Security Release; text_similarity=0.943; code_similarity=1.
RHI-RERUN-038,phase-8-rerun-2026-03-16,2026-03-16,/getting-to-know-sfra-as-a-developer/,src/content/posts/getting-to-know-sfra-as-a-developer/index.md,onboarding|sfra|content-insertions,Getting to know SFRA as a developer,Getting to know SFRA as a developer,0.829,1.000,1.000,regressed,automated-flag,needs-review,medium,body-text-review,The overall body text similarity dropped enough to warrant a manual content review.,Review the rendered body paragraphs and callouts against live to confirm whether the drift is acceptable.,moderate text similarity 0.829
RHI-RERUN-039,phase-8-rerun-2026-03-16,2026-03-16,/getting-to-know-the-sfcc-24-4-release/,src/content/posts/getting-to-know-the-sfcc-24-4-release/index.md,release-notes|api-errors|header-tokens,Getting to know the SFCC 24.4 Release,Getting to know the SFCC 24.4 Release,0.929,1.000,0.956,unchanged,automated,pass,none,no-material-drift,No material reader-facing drift was detected in the rerun.,No action required.,text_similarity=0.929; heading_similarity=1; code_similarity=0.956; raw_url_diff=0.
RHI-RERUN-040,phase-8-rerun-2026-03-16,2026-03-16,/guide-to-the-getprops-method-in-sfcc/,src/content/posts/guide-to-the-getprops-method-in-sfcc/index.md,code-heavy|jsx,A Developer’s Guide to Using the getProps Method in the PWA Kit,A Developer’s Guide to Using the getProps Method in the PWA Kit,0.922,0.867,0.955,unchanged,automated,pass,none,no-material-drift,No material reader-facing drift was detected in the rerun.,No action required.,text_similarity=0.922; heading_similarity=0.867; code_similarity=0.955; raw_url_diff=0.
RHI-RERUN-041,phase-8-rerun-2026-03-16,2026-03-16,/helpful-salesforce-b2c-commerce-cloud-cartridges/,src/content/posts/helpful-salesforce-b2c-commerce-cloud-cartridges/index.md,code-light|cartridges|plugin-slas,Helpful Salesforce B2C Commerce Cloud Cartridges,Helpful Salesforce B2C Commerce Cloud Cartridges,0.868,1.000,1.000,regressed,automated-flag,needs-review,medium,body-text-review,The overall body text similarity dropped enough to warrant a manual content review.,Review the rendered body paragraphs and callouts against live to confirm whether the drift is acceptable.,moderate text similarity 0.868
RHI-RERUN-042,phase-8-rerun-2026-03-16,2026-03-16,/helpful-salesforce-b2c-commerce-cloud-cli-tools/,src/content/posts/helpful-salesforce-b2c-commerce-cloud-cli-tools/index.md,code-light|image-light,Helpful Salesforce B2C Commerce Cloud CLI tools,Helpful Salesforce B2C Commerce Cloud CLI tools,0.932,1.000,1.000,unchanged,automated,pass,none,no-material-drift,No material reader-facing drift was detected in the rerun.,No action required.,text_similarity=0.932; heading_similarity=1; code_similarity=1; raw_url_diff=0.
RHI-RERUN-043,phase-8-rerun-2026-03-16,2026-03-16,/how-to-change-the-code-compatibility-mode-in-salesforce-b2c-commerce-cloud/,src/content/posts/how-to-change-the-code-compatibility-mode-in-salesforce-b2c-commerce-cloud/index.md,code-heavy|platform-settings,How to change the code Compatibility Mode in Salesforce B2C Commerce Cloud,Change Code Compatibility Mode in SFCC,0.973,1.000,1.000,regressed,deterministic,needs-review,medium,title-h1-drift,"The body is stable, but the local H1 differs materially from the live article title.",Decide whether to keep the rewritten local H1 or align it to the live article headline.,Live H1: How to change the code Compatibility Mode in Salesforce B2C Commerce Cloud; Local H1: Change Code Compatibility Mode in SFCC; text_similarity=0.973; code_similarity=1.
RHI-RERUN-044,phase-8-rerun-2026-03-16,2026-03-16,/how-to-extend-active-data-in-salesforce-b2c-commerce-cloud/,src/content/posts/how-to-extend-active-data-in-salesforce-b2c-commerce-cloud/index.md,code-heavy|active-data|inline-tags,How to extend Active Data in Salesforce B2C Commerce Cloud,How to extend Active Data in Salesforce B2C Commerce Cloud,0.933,0.600,0.974,regressed,automated,pass,none,structure-only-drift,Only heading-set differences were detected; no code drift or reader-visible raw-URL drift was found.,No immediate action required unless heading structure must match live exactly.,heading drift 0.600
RHI-RERUN-045,phase-8-rerun-2026-03-16,2026-03-16,/how-to-filter-jsdoc-in-storybook-autodocs/,src/content/posts/how-to-filter-jsdoc-in-storybook-autodocs/index.md,code-heavy|inline-html,How to filter JSDoc in Storybook Autodocs,How to filter JSDoc in Storybook Autodocs,0.971,1.000,0.969,unchanged,automated,pass,none,no-material-drift,No material reader-facing drift was detected in the rerun.,No action required.,text_similarity=0.971; heading_similarity=1; code_similarity=0.969; raw_url_diff=0.
RHI-RERUN-046,phase-8-rerun-2026-03-16,2026-03-16,/how-to-get-a-salesforce-b2c-commerce-cloud-sandbox/,src/content/posts/how-to-get-a-salesforce-b2c-commerce-cloud-sandbox/index.md,code-heavy|mailto|sandbox-access,How to get a Salesforce B2C Commerce Cloud Sandbox,How to get a Salesforce B2C Commerce Cloud Sandbox,0.907,0.750,1.000,unchanged,automated,pass,none,no-material-drift,No material reader-facing drift was detected in the rerun.,No action required.,text_similarity=0.907; heading_similarity=0.75; code_similarity=1; raw_url_diff=0.
RHI-RERUN-047,phase-8-rerun-2026-03-16,2026-03-16,/how-to-get-salesforce-certification-vouchers/,src/content/posts/how-to-get-salesforce-certification-vouchers/index.md,certification|body-parity,How to get Salesforce certification vouchers,How to get Salesforce certification vouchers,0.912,0.750,1.000,unchanged,automated,pass,none,no-material-drift,No material reader-facing drift was detected in the rerun.,No action required.,text_similarity=0.912; heading_similarity=0.75; code_similarity=1; raw_url_diff=0.
RHI-RERUN-048,phase-8-rerun-2026-03-16,2026-03-16,/how-to-load-client-side-javascript-and-css-in-sfra/,src/content/posts/how-to-load-client-side-javascript-and-css-in-sfra/index.md,code-heavy|isml-snippets,How to load client-side JavaScript and CSS in SFRA,How to load client-side JavaScript and CSS in SFRA,0.960,0.538,0.947,regressed,automated,pass,none,structure-only-drift,Only heading-set differences were detected; no code drift or reader-visible raw-URL drift was found.,No immediate action required unless heading structure must match live exactly.,heading drift 0.538
RHI-RERUN-049,phase-8-rerun-2026-03-16,2026-03-16,/how-to-set-up-slas-for-the-composable-storefront/,src/content/posts/how-to-set-up-slas-for-the-composable-storefront/index.md,code-heavy|slas|placeholder-url,How to set up SLAS for the Composable Storefront,How to set up SLAS for the Composable Storefront,0.922,0.400,1.000,regressed,deterministic,needs-review,medium,presentation-raw-url-drift,The local article exposes visible raw URLs that are not visible in the live article body.,Replace bare visible URLs with linked prose or confirm that the local exposure is intentional.,local-only visible URLs: https://developer.salesforce.com/docs/commerce/commerce-api/guide/authorization-for-shopper-apis.html
RHI-RERUN-050,phase-8-rerun-2026-03-16,2026-03-16,/how-to-set-up-the-ecdn-in-sfcc-staging/,src/content/posts/how-to-set-up-the-ecdn-in-sfcc-staging/index.md,code-heavy|image-light|warning-callout,How to set up the eCDN for Staging in Salesforce B2C Commerce Cloud,How to set up the eCDN for Staging in Salesforce B2C Commerce Cloud,0.932,0.846,1.000,unchanged,automated,pass,none,no-material-drift,No material reader-facing drift was detected in the rerun.,No action required.,text_similarity=0.932; heading_similarity=0.846; code_similarity=1; raw_url_diff=0.
RHI-RERUN-051,phase-8-rerun-2026-03-16,2026-03-16,/how-to-setup-oauth-jwt-for-the-ocapi/,src/content/posts/how-to-setup-oauth-jwt-for-the-ocapi/index.md,code-heavy|jwt|ocapi,How to setup OAuth JWT for the OCAPI,How to setup OAuth JWT for the OCAPI,0.863,0.667,1.000,regressed,deterministic,needs-review,medium,presentation-raw-url-drift,The local article exposes visible raw URLs that are not visible in the live article body.,Replace bare visible URLs with linked prose or confirm that the local exposure is intentional.,local-only visible URLs: https://account.demandware.com/dwsso/oauth2/access_token
RHI-RERUN-052,phase-8-rerun-2026-03-16,2026-03-16,/how-to-use-node-18-with-sfra/,src/content/posts/how-to-use-node-18-with-sfra/index.md,code-heavy|node-upgrade,SFRA and Node 18: A Match Made in eCommerce Paradise or Hell?,Using Node 18 with SFRA,0.984,0.667,1.000,regressed,deterministic,needs-review,medium,title-h1-drift,The strongest remaining difference is the local H1 rewrite.,Decide whether to keep the rewritten local H1 or align it to the live article headline.,Live H1: SFRA and Node 18: A Match Made in eCommerce Paradise or Hell?; Local H1: Using Node 18 with SFRA; additional signals: heading drift 0.667.
RHI-RERUN-053,phase-8-rerun-2026-03-16,2026-03-16,/how-to-use-ocapi-scapi-hooks/,src/content/posts/how-to-use-ocapi-scapi-hooks/index.md,code-heavy|longform|update-note,The OCAPI/SCAPI Hooks Playbook: A Deep Dive into Salesforce B2C Commerce Best Practices,Using OCAPI and SCAPI Hooks in SFCC,0.936,0.871,0.997,regressed,deterministic,needs-review,medium,title-h1-drift,"The body is stable, but the local H1 differs materially from the live article title.",Decide whether to keep the rewritten local H1 or align it to the live article headline.,Live H1: The OCAPI/SCAPI Hooks Playbook: A Deep Dive into Salesforce B2C Commerce Best Practices; Local H1: Using OCAPI and SCAPI Hooks in SFCC; text_similarity=0.936; code_similarity=0.997.
RHI-RERUN-054,phase-8-rerun-2026-03-16,2026-03-16,/image-ine-sfcc-dis-for-developers/,src/content/posts/image-ine-sfcc-dis-for-developers/index.md,code-heavy|inline-parameters,Image-ine: Salesforce B2C Commerce Cloud DIS for Developers,Image-ine: Salesforce B2C Commerce Cloud DIS for Developers,0.945,0.857,0.907,improved,confirmed,pass,none,no-material-drift,Resolved on 2026-03-16. The missing DynamicImage example was restored and the local render now matches the live code-block set.,No further action required.,"Verified after remediation: live/local both render 5 code blocks, raw_url_diff=0, and the final DynamicImage example matches the live page."
RHI-RERUN-055,phase-8-rerun-2026-03-16,2026-03-16,/in-the-ring-ocapi-versus-scapi/,src/content/posts/in-the-ring-ocapi-versus-scapi/index.md,architecture|apis|body-parity,In the ring: OCAPI versus SCAPI,In the ring: OCAPI versus SCAPI,0.918,1.000,1.000,unchanged,automated,pass,none,no-material-drift,No material reader-facing drift was detected in the rerun.,No action required.,text_similarity=0.918; heading_similarity=1; code_similarity=1; raw_url_diff=0.
RHI-RERUN-056,phase-8-rerun-2026-03-16,2026-03-16,/is-salesforce-certification-worth-it/,src/content/posts/is-salesforce-certification-worth-it/index.md,certification|body-parity,Is Salesforce Certification worth it?,Is Salesforce Certification worth it?,0.946,0.733,1.000,regressed,automated,pass,none,structure-only-drift,Only heading-set differences were detected; no code drift or reader-visible raw-URL drift was found.,No immediate action required unless heading structure must match live exactly.,heading drift 0.733
RHI-RERUN-057,phase-8-rerun-2026-03-16,2026-03-16,/it-sure-has-been-quiet-on-this-blog/,src/content/posts/it-sure-has-been-quiet-on-this-blog/index.md,code-light|editorial,It sure has been quiet on this blog.,It sure has been quiet on this blog.,0.942,0.667,1.000,regressed,deterministic,needs-review,medium,presentation-raw-url-drift,The local article exposes visible raw URLs that are not visible in the live article body.,Replace bare visible URLs with linked prose or confirm that the local exposure is intentional.,local-only visible URLs: https://github.com/taurgis/homebridge-iRobot-v2
RHI-RERUN-058,phase-8-rerun-2026-03-16,2026-03-16,/kickstart-guide-for-new-sfcc-developers/,src/content/posts/kickstart-guide-for-new-sfcc-developers/index.md,code-heavy|sfra|cartridge-path,The Kickstart Guide for New Salesforce B2C Commerce Developers,The Kickstart Guide for New Salesforce B2C Commerce Developers,0.925,1.000,1.000,unchanged,automated,pass,none,no-material-drift,No material reader-facing drift was detected in the rerun.,No action required.,text_similarity=0.925; heading_similarity=1; code_similarity=1; raw_url_diff=0.
RHI-RERUN-059,phase-8-rerun-2026-03-16,2026-03-16,/lag-to-riches-a-pwa-kit-developers-guide/,src/content/posts/lag-to-riches-a-pwa-kit-developers-guide/index.md,longform|table-heavy|inline-code,From Lag to Riches: A PWA Kit Developer’s Guide to Storefront Speed,PWA Kit Developer's Guide to Storefront Speed,0.883,1.000,1.000,regressed,automated-flag,needs-review,medium,title-and-body-drift,The overall body text similarity dropped enough to warrant a manual content review.,Review the rendered body paragraphs and callouts against live to confirm whether the drift is acceptable.,moderate text similarity 0.883; title/H1 drift
RHI-RERUN-060,phase-8-rerun-2026-03-16,2026-03-16,/lets-go-live-customer-migration/,src/content/posts/lets-go-live-customer-migration/index.md,operations|go-live|body-parity,Let’s GO-LIVE: Customer Migration,Let’s GO-LIVE: Customer Migration,0.908,1.000,1.000,unchanged,automated,pass,none,no-material-drift,No material reader-facing drift was detected in the rerun.,No action required.,text_similarity=0.908; heading_similarity=1; code_similarity=1; raw_url_diff=0.
RHI-RERUN-061,phase-8-rerun-2026-03-16,2026-03-16,/lets-go-live-ecdn/,src/content/posts/lets-go-live-ecdn/index.md,code-light|warning-text,Let’s GO-LIVE: eCDN,Let’s GO-LIVE: eCDN,0.904,0.895,1.000,regressed,deterministic,needs-review,medium,presentation-raw-url-drift,The local article exposes visible raw URLs that are not visible in the live article body.,Replace bare visible URLs with linked prose or confirm that the local exposure is intentional.,local-only visible URLs: https://developer.salesforce.com/docs/commerce/commerce-api/references?meta=cdn-api-process-apis:updateSpeedSettings
RHI-RERUN-062,phase-8-rerun-2026-03-16,2026-03-16,/lets-go-live-seo/,src/content/posts/lets-go-live-seo/index.md,seo|go-live|body-parity,Let’s GO-LIVE: SEO,Let's GO-LIVE: SEO,0.891,0.273,1.000,regressed,automated,pass,none,no-material-drift,No material reader-facing drift was detected in the rerun.,No action required.,text_similarity=0.891; heading_similarity=0.273; code_similarity=1; raw_url_diff=0.
RHI-RERUN-063,phase-8-rerun-2026-03-16,2026-03-16,/leveraging-generic-mappings-in-sfcc/,src/content/posts/leveraging-generic-mappings-in-sfcc/index.md,code-heavy|inline-placeholders,Leveraging Generic Mapping for Efficient Data Integration,Leveraging Generic Mapping for Efficient Data Integration,0.928,1.000,1.000,regressed,confirmed,pass,none,no-material-drift,The automated fail was caused by a blank live code block that does not represent reader-facing loss on the local page.,No action required.,Live pre count is 5 because one extracted `<pre>` is empty; the four non-empty rendered examples match the local page.
RHI-RERUN-064,phase-8-rerun-2026-03-16,2026-03-16,/life-is-about-choices/,src/content/posts/life-is-about-choices/index.md,community|editorial|body-parity,Life is about choices,Life is about choices,0.966,1.000,1.000,unchanged,automated,pass,none,no-material-drift,No material reader-facing drift was detected in the rerun.,No action required.,text_similarity=0.966; heading_similarity=1; code_similarity=1; raw_url_diff=0.
RHI-RERUN-065,phase-8-rerun-2026-03-16,2026-03-16,/local-vs-shared-variation-attributes-sfcc/,src/content/posts/local-vs-shared-variation-attributes-sfcc/index.md,code-heavy|xml-snippets,Local vs Shared Variation Attributes in Commerce Cloud,Local vs Shared Variation Attributes in Commerce Cloud,0.956,1.000,1.000,unchanged,automated,pass,none,no-material-drift,No material reader-facing drift was detected in the rerun.,No action required.,text_similarity=0.956; heading_similarity=1; code_similarity=1; raw_url_diff=0.
RHI-RERUN-066,phase-8-rerun-2026-03-16,2026-03-16,/mail-attachments-in-b2c-commerce-cloud/,src/content/posts/mail-attachments-in-b2c-commerce-cloud/index.md,code-heavy|longform,Mail Attachments in B2C Commerce Cloud,Mail Attachments in B2C Commerce Cloud,0.923,1.000,0.711,improved,confirmed,pass,none,no-material-drift,Resolved on 2026-03-16. The later MIME examples were restored and the visible raw ISO-8859-1 URL no longer appears in the local article body.,No further action required.,"Verified after remediation: live/local both render 8 code blocks, code_similarity=0.905, raw_url_diff=0, and the later MIME examples now align with the live page."
RHI-RERUN-067,phase-8-rerun-2026-03-16,2026-03-16,/mastering-chunk-oriented-job-steps-in-salesforce-b2c-commerce-cloud/,src/content/posts/mastering-chunk-oriented-job-steps-in-salesforce-b2c-commerce-cloud/index.md,code-heavy,Mastering Chunk-Oriented Job Steps in Salesforce B2C Commerce Cloud,Mastering Chunk-Oriented Job Steps in SFCC,0.950,0.778,1.000,regressed,confirmed,needs-review,medium,title-h1-drift,The code-block count alert is a false positive caused by an empty live block; the remaining observable difference is the shorter local H1.,Decide whether the shorter local H1 should be accepted or aligned to live.,Live pre count is 8 because one extracted `<pre>` is empty; the seven non-empty examples match local. Live H1 is `Mastering Chunk-Oriented Job Steps in Salesforce B2C Commerce Cloud`; local H1 is `Mastering Chunk-Oriented Job Steps in SFCC`.
RHI-RERUN-068,phase-8-rerun-2026-03-16,2026-03-16,/mastering-sitemaps-in-sfcc/,src/content/posts/mastering-sitemaps-in-sfcc/index.md,code-heavy|seo|sitemap-filenames,Mastering Sitemaps in Salesforce B2C Commerce: A Developer’s Guide,Mastering Sitemaps in Salesforce B2C Commerce: A Developer’s Guide,0.905,0.833,1.000,regressed,deterministic,needs-review,medium,presentation-raw-url-drift,The local article exposes visible raw URLs that are not visible in the live article body.,Replace bare visible URLs with linked prose or confirm that the local exposure is intentional.,local-only visible URLs: https://www.your-pwa.com/sitemap_index.xml>
RHI-RERUN-069,phase-8-rerun-2026-03-16,2026-03-16,/migrate-magento-passwords-using-argon2/,src/content/posts/migrate-magento-passwords-using-argon2/index.md,code-heavy|migration-script,How to migrate passwords from Magento using Argon2,How to migrate passwords from Magento using Argon2,0.881,1.000,0.995,regressed,automated-flag,needs-review,medium,body-text-review,The overall body text similarity dropped enough to warrant a manual content review.,Review the rendered body paragraphs and callouts against live to confirm whether the drift is acceptable.,moderate text similarity 0.881
RHI-RERUN-070,phase-8-rerun-2026-03-16,2026-03-16,/navigating-dates-calendars-in-sfcc/,src/content/posts/navigating-dates-calendars-in-sfcc/index.md,code-heavy|date-api,"Navigating Dates, Calendars, and Timezones in Salesforce B2C Commerce Cloud","Dates, Calendars, and Time Zones in SFCC",0.978,0.846,1.000,regressed,deterministic,needs-review,medium,title-and-raw-url-drift,The local article exposes visible raw URLs that are not visible in the live article body.,Replace bare visible URLs with linked prose or confirm that the local exposure is intentional.,local-only visible URLs: https://www.rhino-inquisitor.com/wp-content/uploads/2023/08/storefront-tookit-and-calendars.mov
RHI-RERUN-071,phase-8-rerun-2026-03-16,2026-03-16,/new-apis-and-features-for-a-headless-sfcc/,src/content/posts/new-apis-and-features-for-a-headless-sfcc/index.md,release-notes|headless|media-presentation,New APIs and Features for a Headless B2C Commerce Cloud,New APIs and Features for a Headless B2C Commerce Cloud,0.974,1.000,1.000,unchanged,automated,pass,none,no-material-drift,No material reader-facing drift was detected in the rerun.,No action required.,text_similarity=0.974; heading_similarity=1; code_similarity=1; raw_url_diff=0.
RHI-RERUN-072,phase-8-rerun-2026-03-16,2026-03-16,/non-technical-sfcc-certifications/,src/content/posts/non-technical-sfcc-certifications/index.md,certification|title-drift|body-parity,Salesforce B2C Commerce Certifications for Non-Technical Professionals,Non-Technical Salesforce B2C Commerce Certifications,0.931,1.000,1.000,regressed,deterministic,needs-review,medium,title-h1-drift,"The body is stable, but the local H1 differs materially from the live article title.",Decide whether to keep the rewritten local H1 or align it to the live article headline.,Live H1: Salesforce B2C Commerce Certifications for Non-Technical Professionals; Local H1: Non-Technical Salesforce B2C Commerce Certifications; text_similarity=0.931; code_similarity=1.
RHI-RERUN-073,phase-8-rerun-2026-03-16,2026-03-16,/office-hours-for-salesforce-b2c-commerce-cloud/,src/content/posts/office-hours-for-salesforce-b2c-commerce-cloud/index.md,community|resource-guide|body-parity,Office Hours for Salesforce B2C Commerce Cloud,Office Hours for Salesforce B2C Commerce Cloud,0.910,0.667,1.000,regressed,automated,pass,none,structure-only-drift,Only heading-set differences were detected; no code drift or reader-visible raw-URL drift was found.,No immediate action required unless heading structure must match live exactly.,heading drift 0.667
RHI-RERUN-074,phase-8-rerun-2026-03-16,2026-03-16,/pdf-and-salesforce-commerce-cloud-b2c/,src/content/posts/pdf-and-salesforce-commerce-cloud-b2c/index.md,operations|pdf|body-parity,PDF And Salesforce B2C Commerce Cloud,PDF And Salesforce B2C Commerce Cloud,0.988,0.750,1.000,unchanged,automated,pass,none,no-material-drift,No material reader-facing drift was detected in the rerun.,No action required.,text_similarity=0.988; heading_similarity=0.75; code_similarity=1; raw_url_diff=0.
RHI-RERUN-075,phase-8-rerun-2026-03-16,2026-03-16,/phase-3-performance-baseline/,src/content/posts/phase-3-performance-baseline/index.md,scaffold-fixture|baseline-missing|phase-3,404 Error,Phase 3 Performance Baseline,0.000,0.000,1.000,accepted-exception,confirmed,needs-review,medium,local-only-scaffold-exception,The route is a local scaffold fixture and has no comparable live WordPress article baseline.,Exclude this row from strict live-vs-local parity signoff or track it as a local-only fixture exception.,Front matter sets `scaffoldFixture: true`; local returns 200 while the live route returns 404 and no `.speachify-content` body exists.
RHI-RERUN-076,phase-8-rerun-2026-03-16,2026-03-16,/podcasts-for-salesforce-b2c-commerce-cloud/,src/content/posts/podcasts-for-salesforce-b2c-commerce-cloud/index.md,community|resources|body-parity,Podcasts about Salesforce B2C Commerce Cloud,Podcasts about Salesforce B2C Commerce Cloud,0.967,1.000,1.000,unchanged,automated,pass,none,no-material-drift,No material reader-facing drift was detected in the rerun.,No action required.,text_similarity=0.967; heading_similarity=1; code_similarity=1; raw_url_diff=0.
RHI-RERUN-077,phase-8-rerun-2026-03-16,2026-03-16,/preparing-for-the-b2c-commerce-developer-certification/,src/content/posts/preparing-for-the-b2c-commerce-developer-certification/index.md,code-light|certification|resource-links,Preparing for the B2C Commerce Developer Certification,Preparing for the B2C Commerce Developer Certification,0.885,0.333,1.000,regressed,automated-flag,needs-review,medium,body-text-review,The overall body text similarity dropped enough to warrant a manual content review.,Review the rendered body paragraphs and callouts against live to confirm whether the drift is acceptable.,moderate text similarity 0.885; heading drift 0.333
RHI-RERUN-078,phase-8-rerun-2026-03-16,2026-03-16,/real-time-inventory-checks-in-sfcc/,src/content/posts/real-time-inventory-checks-in-sfcc/index.md,operations|inventory|title-drift,Taming Real-Time Inventory Checks in Salesforce B2C Commerce Cloud,Real-Time Inventory Checks in SFCC,0.921,0.700,1.000,regressed,deterministic,needs-review,medium,title-h1-drift,The strongest remaining difference is the local H1 rewrite.,Decide whether to keep the rewritten local H1 or align it to the live article headline.,Live H1: Taming Real-Time Inventory Checks in Salesforce B2C Commerce Cloud; Local H1: Real-Time Inventory Checks in SFCC; additional signals: heading drift 0.700.
RHI-RERUN-079,phase-8-rerun-2026-03-16,2026-03-16,/reflecting-on-2-years-of-blogging/,src/content/posts/reflecting-on-2-years-of-blogging/index.md,community|anniversary|title-drift,Reflecting on Two Years of Blogging: My Journey in the SFCC Ecosystem,Two Years of Blogging in the SFCC Ecosystem,0.969,1.000,1.000,regressed,deterministic,needs-review,medium,title-h1-drift,"The body is stable, but the local H1 differs materially from the live article title.",Decide whether to keep the rewritten local H1 or align it to the live article headline.,Live H1: Reflecting on Two Years of Blogging: My Journey in the SFCC Ecosystem; Local H1: Two Years of Blogging in the SFCC Ecosystem; text_similarity=0.969; code_similarity=1.
RHI-RERUN-080,phase-8-rerun-2026-03-16,2026-03-16,/salesforce-b2c-commerce-cloud-22-10/,src/content/posts/salesforce-b2c-commerce-cloud-22-10/index.md,release-notes|api-config|inline-code,Salesforce B2C Commerce Cloud 22.10,Salesforce B2C Commerce Cloud 22.10,0.852,0.958,1.000,regressed,deterministic,needs-review,medium,presentation-raw-url-drift,The local article exposes visible raw URLs that are not visible in the live article body.,Replace bare visible URLs with linked prose or confirm that the local exposure is intentional.,local-only visible URLs: https://admin.us01.dx.commercecloud.salesforce.com/> | https://admin.dx.commercecloud.salesforce.com/>
RHI-RERUN-081,phase-8-rerun-2026-03-16,2026-03-16,/salesforce-b2c-commerce-cloud-22-8/,src/content/posts/salesforce-b2c-commerce-cloud-22-8/index.md,release-notes|xml-snippets,Salesforce B2C Commerce Cloud 22.8,Salesforce B2C Commerce Cloud 22.8,0.872,0.871,1.000,regressed,automated-flag,needs-review,medium,body-text-review,The overall body text similarity dropped enough to warrant a manual content review.,Review the rendered body paragraphs and callouts against live to confirm whether the drift is acceptable.,moderate text similarity 0.872
RHI-RERUN-082,phase-8-rerun-2026-03-16,2026-03-16,/salesforce-b2c-commerce-cloud-22-9-release/,src/content/posts/salesforce-b2c-commerce-cloud-22-9-release/index.md,release-notes|cartridge-updates|identifier-token,Salesforce B2C Commerce Cloud 22.9 release,Salesforce B2C Commerce Cloud 22.9 release,0.921,0.875,1.000,unchanged,automated,pass,none,no-material-drift,No material reader-facing drift was detected in the rerun.,No action required.,text_similarity=0.921; heading_similarity=0.875; code_similarity=1; raw_url_diff=0.
RHI-RERUN-083,phase-8-rerun-2026-03-16,2026-03-16,/salesforce-b2c-commerce-cloud-23-1/,src/content/posts/salesforce-b2c-commerce-cloud-23-1/index.md,release-notes|code-light,Salesforce B2C Commerce Cloud 23.1,Salesforce B2C Commerce Cloud 23.1,0.965,1.000,1.000,unchanged,automated,pass,none,no-material-drift,No material reader-facing drift was detected in the rerun.,No action required.,text_similarity=0.965; heading_similarity=1; code_similarity=1; raw_url_diff=0.
RHI-RERUN-084,phase-8-rerun-2026-03-16,2026-03-16,/salesforce-b2c-commerce-cloud-23-10-release-a-comprehensive-overview/,src/content/posts/salesforce-b2c-commerce-cloud-23-10-release-a-comprehensive-overview/index.md,release-notes|title-drift|headless,Salesforce B2C Commerce Cloud 23.10 Release: A Comprehensive Overview,SFCC 23.10 Release Overview,0.949,1.000,1.000,regressed,deterministic,needs-review,medium,title-h1-drift,"The body is stable, but the local H1 differs materially from the live article title.",Decide whether to keep the rewritten local H1 or align it to the live article headline.,Live H1: Salesforce B2C Commerce Cloud 23.10 Release: A Comprehensive Overview; Local H1: SFCC 23.10 Release Overview; text_similarity=0.949; code_similarity=1.
RHI-RERUN-085,phase-8-rerun-2026-03-16,2026-03-16,/salesforce-b2c-commerce-cloud-23-2/,src/content/posts/salesforce-b2c-commerce-cloud-23-2/index.md,release-notes|code-light,Salesforce B2C Commerce Cloud 23.2,Salesforce B2C Commerce Cloud 23.2,0.912,0.893,1.000,regressed,deterministic,needs-review,medium,presentation-raw-url-drift,The local article exposes visible raw URLs that are not visible in the live article body.,Replace bare visible URLs with linked prose or confirm that the local exposure is intentional.,local-only visible URLs: https://www.rhino-inquisitor.com/wp-content/uploads/2023/01/RD-overview.mov
RHI-RERUN-086,phase-8-rerun-2026-03-16,2026-03-16,/salesforce-b2c-commerce-cloud-23-3-release/,src/content/posts/salesforce-b2c-commerce-cloud-23-3-release/index.md,release-notes|plugin-names|identifier-examples,The Salesforce B2C Commerce Cloud 23.3 release explained,The Salesforce B2C Commerce Cloud 23.3 release explained,0.925,0.920,1.000,unchanged,automated,pass,none,no-material-drift,No material reader-facing drift was detected in the rerun.,No action required.,text_similarity=0.925; heading_similarity=0.92; code_similarity=1; raw_url_diff=0.
RHI-RERUN-087,phase-8-rerun-2026-03-16,2026-03-16,/salesforce-b2c-commerce-cloud-catalog-erd/,src/content/posts/salesforce-b2c-commerce-cloud-catalog-erd/index.md,erd|body-parity,Salesforce B2C Commerce Cloud Product And Catalog ERD,Salesforce B2C Commerce Cloud Product And Catalog ERD,0.844,0.333,1.000,regressed,automated-flag,needs-review,medium,body-text-review,The overall body text similarity dropped enough to warrant a manual content review.,Review the rendered body paragraphs and callouts against live to confirm whether the drift is acceptable.,moderate text similarity 0.844; heading drift 0.333
RHI-RERUN-088,phase-8-rerun-2026-03-16,2026-03-16,/salesforce-b2c-commerce-cloud-content-erd/,src/content/posts/salesforce-b2c-commerce-cloud-content-erd/index.md,erd|body-parity,Salesforce B2C Commerce Cloud Content ERD,Salesforce B2C Commerce Cloud Content ERD,0.906,0.429,1.000,regressed,automated,pass,none,structure-only-drift,Only heading-set differences were detected; no code drift or reader-visible raw-URL drift was found.,No immediate action required unless heading structure must match live exactly.,heading drift 0.429
RHI-RERUN-089,phase-8-rerun-2026-03-16,2026-03-16,/salesforce-b2c-commerce-cloud-customer-erd/,src/content/posts/salesforce-b2c-commerce-cloud-customer-erd/index.md,erd|body-parity,Salesforce B2C Commerce Cloud Customer ERD,Salesforce B2C Commerce Cloud Customer ERD,0.946,0.556,1.000,regressed,automated,pass,none,structure-only-drift,Only heading-set differences were detected; no code drift or reader-visible raw-URL drift was found.,No immediate action required unless heading structure must match live exactly.,heading drift 0.556
RHI-RERUN-090,phase-8-rerun-2026-03-16,2026-03-16,/salesforce-b2c-commerce-cloud-documentation/,src/content/posts/salesforce-b2c-commerce-cloud-documentation/index.md,longform|table-heavy,Salesforce B2C Commerce Cloud Documentation,Salesforce B2C Commerce Cloud Documentation,0.867,1.000,1.000,regressed,deterministic,needs-review,medium,presentation-raw-url-drift,The local article exposes visible raw URLs that are not visible in the live article body.,Replace bare visible URLs with linked prose or confirm that the local exposure is intentional.,local-only visible URLs: https://help.salesforce.com/s/articleView?id=sf.b2c_rn_release_notes.htm&type=5 | https://developer.salesforce.com/docs/commerce/b2c-commerce/overview | https://developer.salesforce.com/docs/commerce/b2c-commerce/guide/api-doc.html
RHI-RERUN-091,phase-8-rerun-2026-03-16,2026-03-16,/salesforce-b2c-commerce-cloud-governance-and-quotas/,src/content/posts/salesforce-b2c-commerce-cloud-governance-and-quotas/index.md,code-heavy|quota-guidance,Salesforce B2C Commerce Cloud Governance and Quotas,Salesforce B2C Commerce Cloud Governance and Quotas,0.918,0.704,1.000,regressed,automated,pass,none,structure-only-drift,Only heading-set differences were detected; no code drift or reader-visible raw-URL drift was found.,No immediate action required unless heading structure must match live exactly.,heading drift 0.704
RHI-RERUN-092,phase-8-rerun-2026-03-16,2026-03-16,/salesforce-b2c-commerce-cloud-november-2022-updates/,src/content/posts/salesforce-b2c-commerce-cloud-november-2022-updates/index.md,release-notes|code-light,Salesforce B2C Commerce Cloud November 2022 Updates,Salesforce B2C Commerce Cloud November 2022 Updates,0.880,0.833,1.000,regressed,automated-flag,needs-review,medium,body-text-review,The overall body text similarity dropped enough to warrant a manual content review.,Review the rendered body paragraphs and callouts against live to confirm whether the drift is acceptable.,moderate text similarity 0.880
RHI-RERUN-093,phase-8-rerun-2026-03-16,2026-03-16,/salesforce-b2c-commerce-cloud-october-updates/,src/content/posts/salesforce-b2c-commerce-cloud-october-updates/index.md,release-notes|trusted-agent|identifier-examples,Salesforce B2C Commerce Cloud October Updates,Salesforce B2C Commerce Cloud October Updates,0.963,1.000,1.000,unchanged,automated,pass,none,no-material-drift,No material reader-facing drift was detected in the rerun.,No action required.,text_similarity=0.963; heading_similarity=1; code_similarity=1; raw_url_diff=0.
RHI-RERUN-094,phase-8-rerun-2026-03-16,2026-03-16,/salesforce-b2c-commerce-cloud-the-22-7-release/,src/content/posts/salesforce-b2c-commerce-cloud-the-22-7-release/index.md,release-notes|content-insertions,Salesforce B2C Commerce Cloud: The 22.7 Release,Salesforce B2C Commerce Cloud: The 22.7 Release,0.873,1.000,1.000,regressed,deterministic,needs-review,medium,presentation-raw-url-drift,The local article exposes visible raw URLs that are not visible in the live article body.,Replace bare visible URLs with linked prose or confirm that the local exposure is intentional.,local-only visible URLs: https://developer.mozilla.org/en-US/docs/Web/JavaScript/Reference/Global_Objects/Object/values
RHI-RERUN-095,phase-8-rerun-2026-03-16,2026-03-16,/salesforce-b2c-commerce-the-22-5-release/,src/content/posts/salesforce-b2c-commerce-the-22-5-release/index.md,release-notes|content-insertions,Salesforce B2C Commerce: The 22.5 Release,Salesforce B2C Commerce: The 22.5 Release,0.878,1.000,1.000,regressed,automated-flag,needs-review,medium,body-text-review,The overall body text similarity dropped enough to warrant a manual content review.,Review the rendered body paragraphs and callouts against live to confirm whether the drift is acceptable.,moderate text similarity 0.878
RHI-RERUN-096,phase-8-rerun-2026-03-16,2026-03-16,/salesforce-b2c-commerce-the-22-6-release/,src/content/posts/salesforce-b2c-commerce-the-22-6-release/index.md,release-notes|body-parity,Salesforce B2C Commerce: The 22.6 Release,Salesforce B2C Commerce: The 22.6 Release,0.923,1.000,1.000,unchanged,automated,pass,none,no-material-drift,No material reader-facing drift was detected in the rerun.,No action required.,text_similarity=0.923; heading_similarity=1; code_similarity=1; raw_url_diff=0.
RHI-RERUN-097,phase-8-rerun-2026-03-16,2026-03-16,/salesforce-commerce-cloud-products/,src/content/posts/salesforce-commerce-cloud-products/index.md,product-overview|body-parity,9 Salesforce Commerce Cloud Products,9 Salesforce Commerce Cloud Products,0.937,1.000,1.000,unchanged,automated,pass,none,no-material-drift,No material reader-facing drift was detected in the rerun.,No action required.,text_similarity=0.937; heading_similarity=1; code_similarity=1; raw_url_diff=0.
RHI-RERUN-098,phase-8-rerun-2026-03-16,2026-03-16,/salesforce-connections-2024-and-sfcc/,src/content/posts/salesforce-connections-2024-and-sfcc/index.md,community|events|body-parity,Salesforce Connections 2024 and B2C Commerce Cloud,Salesforce Connections 2024 and B2C Commerce Cloud,0.996,0.810,1.000,unchanged,automated,pass,none,no-material-drift,No material reader-facing drift was detected in the rerun.,No action required.,text_similarity=0.996; heading_similarity=0.81; code_similarity=1; raw_url_diff=0.
RHI-RERUN-099,phase-8-rerun-2026-03-16,2026-03-16,/salesforce-payments-experience-explained/,src/content/posts/salesforce-payments-experience-explained/index.md,code-light|payments|inline-media,Salesforce (Commerce) Payments: Payment Integration Simplified,Salesforce Payments Explained,0.971,0.600,1.000,regressed,deterministic,needs-review,medium,title-h1-drift,The strongest remaining difference is the local H1 rewrite.,Decide whether to keep the rewritten local H1 or align it to the live article headline.,Live H1: Salesforce (Commerce) Payments: Payment Integration Simplified; Local H1: Salesforce Payments Explained; additional signals: heading drift 0.600.
RHI-RERUN-100,phase-8-rerun-2026-03-16,2026-03-16,/secure-coding-in-salesforce-b2c-commerce-cloud/,src/content/posts/secure-coding-in-salesforce-b2c-commerce-cloud/index.md,code-heavy|security-guidance,Secure Coding in Salesforce B2C Commerce Cloud,Secure Coding in Salesforce B2C Commerce Cloud,0.883,1.000,1.000,regressed,automated-flag,needs-review,medium,body-text-review,The overall body text similarity dropped enough to warrant a manual content review.,Review the rendered body paragraphs and callouts against live to confirm whether the drift is acceptable.,moderate text similarity 0.883
RHI-RERUN-101,phase-8-rerun-2026-03-16,2026-03-16,/sending-emails-from-sfcc/,src/content/posts/sending-emails-from-sfcc/index.md,code-heavy|email,Sending Emails from Salesforce B2C Commerce Cloud: A Comprehensive Guide,Sending Emails from SFCC,0.933,0.360,1.000,regressed,deterministic,needs-review,medium,title-h1-drift,The strongest remaining difference is the local H1 rewrite.,Decide whether to keep the rewritten local H1 or align it to the live article headline.,Live H1: Sending Emails from Salesforce B2C Commerce Cloud: A Comprehensive Guide; Local H1: Sending Emails from SFCC; additional signals: heading drift 0.360.
RHI-RERUN-102,phase-8-rerun-2026-03-16,2026-03-16,/server-side-performance-in-sfcc/,src/content/posts/server-side-performance-in-sfcc/index.md,code-light|performance|inline-isml,Troubleshooting Server-Side Performance in Salesforce B2C Commerce Cloud,Server-Side Performance Troubleshooting in SFCC,0.903,1.000,1.000,regressed,deterministic,needs-review,medium,title-h1-drift,"The body is stable, but the local H1 differs materially from the live article title.",Decide whether to keep the rewritten local H1 or align it to the live article headline.,Live H1: Troubleshooting Server-Side Performance in Salesforce B2C Commerce Cloud; Local H1: Server-Side Performance Troubleshooting in SFCC; text_similarity=0.903; code_similarity=1.
RHI-RERUN-103,phase-8-rerun-2026-03-16,2026-03-16,/sfcc-24-1-release-a-new-year-update/,src/content/posts/sfcc-24-1-release-a-new-year-update/index.md,release-notes|content-insertions,Commerce Cloud 24.1 Release: A New Year Update,Commerce Cloud 24.1 Release: A New Year Update,0.901,1.000,1.000,unchanged,automated,pass,none,no-material-drift,No material reader-facing drift was detected in the rerun.,No action required.,text_similarity=0.901; heading_similarity=1; code_similarity=1; raw_url_diff=0.
RHI-RERUN-104,phase-8-rerun-2026-03-16,2026-03-16,/sfcc-basket-order-erd/,src/content/posts/sfcc-basket-order-erd/index.md,erd|body-parity,Salesforce B2C Commerce Cloud Basket & Order ERD,Salesforce B2C Commerce Cloud Basket & Order ERD,0.897,0.333,1.000,regressed,automated,pass,none,no-material-drift,No material reader-facing drift was detected in the rerun.,No action required.,text_similarity=0.897; heading_similarity=0.333; code_similarity=1; raw_url_diff=0.
RHI-RERUN-105,phase-8-rerun-2026-03-16,2026-03-16,/sfcc-introduction/,src/content/posts/sfcc-introduction/index.md,introduction|title-drift|presentation-drift,B2C Commerce Cloud Introduction: Exploring Features & Tech Stacks,B2C Commerce Cloud: Features and Tech Stacks,0.939,1.000,1.000,regressed,deterministic,needs-review,medium,title-h1-drift,"The body is stable, but the local H1 differs materially from the live article title.",Decide whether to keep the rewritten local H1 or align it to the live article headline.,Live H1: B2C Commerce Cloud Introduction: Exploring Features & Tech Stacks; Local H1: B2C Commerce Cloud: Features and Tech Stacks; text_similarity=0.939; code_similarity=1.
RHI-RERUN-106,phase-8-rerun-2026-03-16,2026-03-16,/sfcc-url-cracking-the-code/,src/content/posts/sfcc-url-cracking-the-code/index.md,code-heavy|url-examples,The Salesforce B2C Commerce Cloud URL: Cracking the Code,The Salesforce B2C Commerce Cloud URL: Cracking the Code,0.957,1.000,1.000,regressed,deterministic,needs-review,medium,presentation-raw-url-drift,The local article exposes visible raw URLs that are not visible in the live article body.,Replace bare visible URLs with linked prose or confirm that the local exposure is intentional.,"local-only visible URLs: https://www.example.com/blog/2021/post-title"">"
RHI-RERUN-107,phase-8-rerun-2026-03-16,2026-03-16,/should-i-get-javascript-developer-i-certified/,src/content/posts/should-i-get-javascript-developer-i-certified/index.md,certification|body-parity,Should I get JavaScript Developer I certified?,Should I get JavaScript Developer I certified?,0.910,0.333,1.000,regressed,automated,pass,none,structure-only-drift,Only heading-set differences were detected; no code drift or reader-visible raw-URL drift was found.,No immediate action required unless heading structure must match live exactly.,heading drift 0.333
RHI-RERUN-108,phase-8-rerun-2026-03-16,2026-03-16,/should-i-use-sfra-rest-endpoints-in-a-composable-storefront/,src/content/posts/should-i-use-sfra-rest-endpoints-in-a-composable-storefront/index.md,architecture|headless|title-drift,Should I use SFRA controller REST endpoints in a Composable Storefront project?,Use SFRA REST Endpoints in a Composable Storefront?,0.939,1.000,1.000,regressed,deterministic,needs-review,medium,title-h1-drift,"The body is stable, but the local H1 differs materially from the live article title.",Decide whether to keep the rewritten local H1 or align it to the live article headline.,Live H1: Should I use SFRA controller REST endpoints in a Composable Storefront project?; Local H1: Use SFRA REST Endpoints in a Composable Storefront?; text_similarity=0.939; code_similarity=1.
RHI-RERUN-109,phase-8-rerun-2026-03-16,2026-03-16,/simplifying-the-salesforce-order-of-execution/,src/content/posts/simplifying-the-salesforce-order-of-execution/index.md,salesforce-platform|presentation-drift,Simplifying the Salesforce Order of Execution,Simplifying the Salesforce Order of Execution,0.949,0.733,1.000,regressed,automated,pass,none,structure-only-drift,Only heading-set differences were detected; no code drift or reader-visible raw-URL drift was found.,No immediate action required unless heading structure must match live exactly.,heading drift 0.733
RHI-RERUN-110,phase-8-rerun-2026-03-16,2026-03-16,/sitegenesis-vs-sfra-vs-pwa/,src/content/posts/sitegenesis-vs-sfra-vs-pwa/index.md,longform|architecture,SiteGenesis vs SFRA vs PWA,SiteGenesis vs SFRA vs PWA,0.939,0.882,1.000,unchanged,automated,pass,none,no-material-drift,No material reader-facing drift was detected in the rerun.,No action required.,text_similarity=0.939; heading_similarity=0.882; code_similarity=1; raw_url_diff=0.
RHI-RERUN-111,phase-8-rerun-2026-03-16,2026-03-16,/slas-in-sfra-or-sitegenesis/,src/content/posts/slas-in-sfra-or-sitegenesis/index.md,code-heavy|slas|hybrid-auth,Session Sync Showdown: From plugin_slas to Native Hybrid Auth in SFRA and SiteGenesis,SLAS Session Sync in SFRA and SiteGenesis,0.966,0.556,1.000,regressed,deterministic,needs-review,medium,title-h1-drift,The strongest remaining difference is the local H1 rewrite.,Decide whether to keep the rewritten local H1 or align it to the live article headline.,Live H1: Session Sync Showdown: From plugin_slas to Native Hybrid Auth in SFRA and SiteGenesis; Local H1: SLAS Session Sync in SFRA and SiteGenesis; additional signals: heading drift 0.556.
RHI-RERUN-112,phase-8-rerun-2026-03-16,2026-03-16,/slicing-versus-variation-groups-in-sfcc/,src/content/posts/slicing-versus-variation-groups-in-sfcc/index.md,architecture|body-parity,Slicing versus Variation Groups in Commerce Cloud,Slicing versus Variation Groups in Commerce Cloud,0.944,0.429,1.000,regressed,automated,pass,none,structure-only-drift,Only heading-set differences were detected; no code drift or reader-visible raw-URL drift was found.,No immediate action required unless heading structure must match live exactly.,heading drift 0.429
RHI-RERUN-113,phase-8-rerun-2026-03-16,2026-03-16,/storefront-protection-in-the-pwa-kit/,src/content/posts/storefront-protection-in-the-pwa-kit/index.md,operations|security|body-parity,Storefront Protection For Your Composable Storefront,Storefront Protection For Your Composable Storefront,0.969,0.556,1.000,regressed,automated,pass,none,structure-only-drift,Only heading-set differences were detected; no code drift or reader-visible raw-URL drift was found.,No immediate action required unless heading structure must match live exactly.,heading drift 0.556
RHI-RERUN-114,phase-8-rerun-2026-03-16,2026-03-16,/submit-multipart-form-data-to-a-third-party-service-in-sfcc/,src/content/posts/submit-multipart-form-data-to-a-third-party-service-in-sfcc/index.md,code-heavy|multipart-upload,Submit “multipart/form-data” to a third-party service in SFCC,Submit multipart/form-data in SFCC,0.946,1.000,1.000,regressed,deterministic,needs-review,medium,title-h1-drift,"The body is stable, but the local H1 differs materially from the live article title.",Decide whether to keep the rewritten local H1 or align it to the live article headline.,Live H1: Submit “multipart/form-data” to a third-party service in SFCC; Local H1: Submit multipart/form-data in SFCC; text_similarity=0.946; code_similarity=1.
RHI-RERUN-115,phase-8-rerun-2026-03-16,2026-03-16,/submitting-a-file-to-a-third-party-service-in-sfcc/,src/content/posts/submitting-a-file-to-a-third-party-service-in-sfcc/index.md,code-heavy|service-integration,Submitting a file to a third party service in SFCC,Submitting a file to a third party service in SFCC,0.931,1.000,1.000,unchanged,automated,pass,none,no-material-drift,No material reader-facing drift was detected in the rerun.,No action required.,text_similarity=0.931; heading_similarity=1; code_similarity=1; raw_url_diff=0.
RHI-RERUN-116,phase-8-rerun-2026-03-16,2026-03-16,/taming-the-beast-a-developers-deep-dive-into-sfcc-meta-tag-rules/,src/content/posts/taming-the-beast-a-developers-deep-dive-into-sfcc-meta-tag-rules/index.md,code-heavy|meta-rules|inline-code,Taming the Beast: A Developer’s Deep Dive into SFCC Meta Tag Rules,Deep Dive into SFCC Meta Tag Rules,0.933,0.821,1.000,regressed,deterministic,needs-review,medium,title-and-raw-url-drift,The local article exposes visible raw URLs that are not visible in the live article body.,Replace bare visible URLs with linked prose or confirm that the local exposure is intentional.,local-only visible URLs: https://www.gooutdoors.com/images/products/large/PROD12345_1.jpg> | https://salesforcecommercecloud.github.io/b2c-dev-doc/docs/current/scriptapi/html/api/class_dw_web_PageMetaData.html#dw_web_PageMetaData_isPageMetaTagSet_String_DetailAnchor
RHI-RERUN-117,phase-8-rerun-2026-03-16,2026-03-16,/the-attribute-fallback-system-in-sfcc/,src/content/posts/the-attribute-fallback-system-in-sfcc/index.md,architecture|title-drift|variation-groups,Variation Groups 101: The attribute fallback system in Commerce Cloud,Attribute Fallback in SFCC Variation Groups,0.929,1.000,1.000,regressed,deterministic,needs-review,medium,title-h1-drift,"The body is stable, but the local H1 differs materially from the live article title.",Decide whether to keep the rewritten local H1 or align it to the live article headline.,Live H1: Variation Groups 101: The attribute fallback system in Commerce Cloud; Local H1: Attribute Fallback in SFCC Variation Groups; text_similarity=0.929; code_similarity=1.
RHI-RERUN-118,phase-8-rerun-2026-03-16,2026-03-16,/the-b2c-commerce-architect-certification/,src/content/posts/the-b2c-commerce-architect-certification/index.md,certification|title-drift|presentation-drift,B2C Commerce Architect Certification: A Complete Guide to Preparation,B2C Commerce Architect Certification Guide,0.925,0.455,1.000,regressed,deterministic,needs-review,medium,title-h1-drift,The strongest remaining difference is the local H1 rewrite.,Decide whether to keep the rewritten local H1 or align it to the live article headline.,Live H1: B2C Commerce Architect Certification: A Complete Guide to Preparation; Local H1: B2C Commerce Architect Certification Guide; additional signals: heading drift 0.455.
RHI-RERUN-119,phase-8-rerun-2026-03-16,2026-03-16,/the-createorders-api-in-sfcc/,src/content/posts/the-createorders-api-in-sfcc/index.md,code-heavy|api-auth,Effortlessly Create External Orders in Salesforce Commerce Cloud,Create External Orders in SFCC with createOrders,0.916,1.000,1.000,regressed,deterministic,needs-review,medium,title-and-raw-url-drift,The local article exposes visible raw URLs that are not visible in the live article body.,Replace bare visible URLs with linked prose or confirm that the local exposure is intentional.,local-only visible URLs: https://{shortCode}.api.commercecloud.salesforce.com/shopper/auth/v1/organizations/{organizationId}/oauth2/trusted-system/token> | https://{shortCode}.api.commercecloud.salesforce.com/checkout/orders/v1/organizations/{organizationId}/orders>
RHI-RERUN-120,phase-8-rerun-2026-03-16,2026-03-16,/the-deprecation-of-the-uuid-token-for-api-clients/,src/content/posts/the-deprecation-of-the-uuid-token-for-api-clients/index.md,code-heavy|jwt|api-auth,The deprecation of the UUID Token for API Clients,The deprecation of the UUID Token for API Clients,0.951,0.077,1.000,regressed,automated,pass,none,structure-only-drift,Only heading-set differences were detected; no code drift or reader-visible raw-URL drift was found.,No immediate action required unless heading structure must match live exactly.,heading drift 0.077
RHI-RERUN-121,phase-8-rerun-2026-03-16,2026-03-16,/the-importance-of-origin-shielding/,src/content/posts/the-importance-of-origin-shielding/index.md,architecture|title-drift,The importance of Origin Shielding and your Commerce Cloud instance,Origin Shielding in Commerce Cloud,0.954,1.000,1.000,regressed,deterministic,needs-review,medium,title-h1-drift,"The body is stable, but the local H1 differs materially from the live article title.",Decide whether to keep the rewritten local H1 or align it to the live article headline.,Live H1: The importance of Origin Shielding and your Commerce Cloud instance; Local H1: Origin Shielding in Commerce Cloud; text_similarity=0.954; code_similarity=1.
RHI-RERUN-122,phase-8-rerun-2026-03-16,2026-03-16,/the-journey-from-developer-to-architect/,src/content/posts/the-journey-from-developer-to-architect/index.md,career|architecture|body-parity,The journey from developer to architect,The journey from developer to architect,0.925,0.857,1.000,unchanged,automated,pass,none,no-material-drift,No material reader-facing drift was detected in the rerun.,No action required.,text_similarity=0.925; heading_similarity=0.857; code_similarity=1; raw_url_diff=0.
RHI-RERUN-123,phase-8-rerun-2026-03-16,2026-03-16,/the-latest-in-sfcc-version-24-7/,src/content/posts/the-latest-in-sfcc-version-24-7/index.md,release-notes|code-light,The Latest in B2C Commerce: Version 24.7 Focuses on Speed and Security,SFCC 24.7 Release Focused on Speed and Security,0.923,1.000,1.000,regressed,deterministic,needs-review,medium,title-h1-drift,"The body is stable, but the local H1 differs materially from the live article title.",Decide whether to keep the rewritten local H1 or align it to the live article headline.,Live H1: The Latest in B2C Commerce: Version 24.7 Focuses on Speed and Security; Local H1: SFCC 24.7 Release Focused on Speed and Security; text_similarity=0.923; code_similarity=1.
RHI-RERUN-124,phase-8-rerun-2026-03-16,2026-03-16,/the-move-from-on-site-to-remote/,src/content/posts/the-move-from-on-site-to-remote/index.md,career|remote-work|body-parity,The move from on-site to remote,The move from on-site to remote,0.936,1.000,1.000,unchanged,automated,pass,none,no-material-drift,No material reader-facing drift was detected in the rerun.,No action required.,text_similarity=0.936; heading_similarity=1; code_similarity=1; raw_url_diff=0.
RHI-RERUN-125,phase-8-rerun-2026-03-16,2026-03-16,/the-move-from-sitegenesis-and-sfra-to-the-composable-storefront-as-a-developer/,src/content/posts/the-move-from-sitegenesis-and-sfra-to-the-composable-storefront-as-a-developer/index.md,architecture|headless|title-drift,The move from SiteGenesis and SFRA to the Composable Storefront as a developer,Moving from SiteGenesis and SFRA to Composable Storefront,0.935,0.714,1.000,regressed,deterministic,needs-review,medium,title-h1-drift,The strongest remaining difference is the local H1 rewrite.,Decide whether to keep the rewritten local H1 or align it to the live article headline.,Live H1: The move from SiteGenesis and SFRA to the Composable Storefront as a developer; Local H1: Moving from SiteGenesis and SFRA to Composable Storefront; additional signals: heading drift 0.714.
RHI-RERUN-126,phase-8-rerun-2026-03-16,2026-03-16,/the-realm-split-field-guide-to-migrating-an-sfcc-site/,src/content/posts/the-realm-split-field-guide-to-migrating-an-sfcc-site/index.md,longform|architecture|migration,The Realm Split: A Developer’s Field Guide to Migrating an SFCC Site,Realm Split Guide for Migrating an SFCC Site,0.881,1.000,1.000,regressed,automated-flag,needs-review,medium,title-and-body-drift,The overall body text similarity dropped enough to warrant a manual content review.,Review the rendered body paragraphs and callouts against live to confirm whether the drift is acceptable.,moderate text similarity 0.881; title/H1 drift
RHI-RERUN-127,phase-8-rerun-2026-03-16,2026-03-16,/the-request-body-in-an-sfcc-controller/,src/content/posts/the-request-body-in-an-sfcc-controller/index.md,code-heavy|controller-basics,How to retrieve the Request Body in an SFCC Controller easily,Get the Request Body in an SFCC Controller,0.983,0.714,1.000,regressed,deterministic,needs-review,medium,title-h1-drift,The strongest remaining difference is the local H1 rewrite.,Decide whether to keep the rewritten local H1 or align it to the live article headline.,Live H1: How to retrieve the Request Body in an SFCC Controller easily; Local H1: Get the Request Body in an SFCC Controller; additional signals: heading drift 0.714.
RHI-RERUN-128,phase-8-rerun-2026-03-16,2026-03-16,/the-salesforce-b2c-commerce-cloud-environment/,src/content/posts/the-salesforce-b2c-commerce-cloud-environment/index.md,code-light|environment-architecture,Let’s GO-LIVE: The Salesforce B2C Commerce Cloud Environment,Let’s GO-LIVE: The Salesforce B2C Commerce Cloud Environment,0.880,1.000,1.000,regressed,automated-flag,needs-review,medium,body-text-review,The overall body text similarity dropped enough to warrant a manual content review.,Review the rendered body paragraphs and callouts against live to confirm whether the drift is acceptable.,moderate text similarity 0.880
RHI-RERUN-129,phase-8-rerun-2026-03-16,2026-03-16,/the-sfcc-guide-to-finding-pod-numbers/,src/content/posts/the-sfcc-guide-to-finding-pod-numbers/index.md,code-heavy|placeholder-url|ops-guidance,The Ultimate SFCC Guide to Finding Your POD Number,The Ultimate SFCC Guide to Finding Your POD Number,0.939,0.846,1.000,regressed,deterministic,needs-review,medium,presentation-raw-url-drift,The local article exposes visible raw URLs that are not visible in the live article body.,Replace bare visible URLs with linked prose or confirm that the local exposure is intentional.,local-only visible URLs: https://logcenter-<POD-No><Cylinder>-hippo.demandware.net/logcenter
RHI-RERUN-130,phase-8-rerun-2026-03-16,2026-03-16,/the-state-of-ohana-for-salesforce-commerce-cloud/,src/content/posts/the-state-of-ohana-for-salesforce-commerce-cloud/index.md,community|ohana|body-parity,The state of Ohana for Salesforce Commerce Cloud,The state of Ohana for Salesforce Commerce Cloud,0.995,1.000,1.000,unchanged,automated,pass,none,no-material-drift,No material reader-facing drift was detected in the rerun.,No action required.,text_similarity=0.995; heading_similarity=1; code_similarity=1; raw_url_diff=0.
RHI-RERUN-131,phase-8-rerun-2026-03-16,2026-03-16,/the-sunsetting-of-arc300-architect-b2c-commerce-solutions/,src/content/posts/the-sunsetting-of-arc300-architect-b2c-commerce-solutions/index.md,career|trailhead-academy|body-parity,The sunsetting of ARC300 (Architect B2C Commerce Solutions),The sunsetting of ARC300 (Architect B2C Commerce Solutions),0.943,0.250,1.000,regressed,automated,pass,none,structure-only-drift,Only heading-set differences were detected; no code drift or reader-visible raw-URL drift was found.,No immediate action required unless heading structure must match live exactly.,heading drift 0.250
RHI-RERUN-132,phase-8-rerun-2026-03-16,2026-03-16,/third-party-api-caching-in-commerce-cloud/,src/content/posts/third-party-api-caching-in-commerce-cloud/index.md,operations|caching|body-parity,Third-Party API Caching in Commerce Cloud,Third-Party API Caching in Commerce Cloud,0.932,0.846,1.000,unchanged,automated,pass,none,no-material-drift,No material reader-facing drift was detected in the rerun.,No action required.,text_similarity=0.932; heading_similarity=0.846; code_similarity=1; raw_url_diff=0.
RHI-RERUN-133,phase-8-rerun-2026-03-16,2026-03-16,/three-things-to-secure-sfcc/,src/content/posts/three-things-to-secure-sfcc/index.md,code-light|security|governance,Three things you can do today to secure your SFCC environment,Three Ways to Secure Your SFCC Environment,0.968,1.000,1.000,regressed,deterministic,needs-review,medium,title-h1-drift,"The body is stable, but the local H1 differs materially from the live article title.",Decide whether to keep the rewritten local H1 or align it to the live article headline.,Live H1: Three things you can do today to secure your SFCC environment; Local H1: Three Ways to Secure Your SFCC Environment; text_similarity=0.968; code_similarity=1.
RHI-RERUN-134,phase-8-rerun-2026-03-16,2026-03-16,/trailblazerdx-2022-for-b2c-commerce/,src/content/posts/trailblazerdx-2022-for-b2c-commerce/index.md,community|event-guide|body-parity,TrailblazerDX 2022 for B2C Commerce,TrailblazerDX 2022 for B2C Commerce,0.951,0.909,1.000,unchanged,automated,pass,none,no-material-drift,No material reader-facing drift was detected in the rerun.,No action required.,text_similarity=0.951; heading_similarity=0.909; code_similarity=1; raw_url_diff=0.
RHI-RERUN-135,phase-8-rerun-2026-03-16,2026-03-16,/understanding-locale-fallback-in-sfcc/,src/content/posts/understanding-locale-fallback-in-sfcc/index.md,operations|locale-fallback|identifier-examples,Understanding Locale Fallback in Salesforce B2C Commerce Cloud,Understanding Locale Fallback in SFCC,0.936,0.750,1.000,regressed,deterministic,needs-review,medium,title-h1-drift,"The body is stable, but the local H1 differs materially from the live article title.",Decide whether to keep the rewritten local H1 or align it to the live article headline.,Live H1: Understanding Locale Fallback in Salesforce B2C Commerce Cloud; Local H1: Understanding Locale Fallback in SFCC; text_similarity=0.936; code_similarity=1.
RHI-RERUN-136,phase-8-rerun-2026-03-16,2026-03-16,/understanding-sfcc-instances/,src/content/posts/understanding-sfcc-instances/index.md,architecture|instances|title-drift,Understanding Salesforce B2C Commerce Instances: A Comprehensive Guide,Understanding SFCC Instances,0.961,1.000,1.000,regressed,deterministic,needs-review,medium,title-h1-drift,"The body is stable, but the local H1 differs materially from the live article title.",Decide whether to keep the rewritten local H1 or align it to the live article headline.,Live H1: Understanding Salesforce B2C Commerce Instances: A Comprehensive Guide; Local H1: Understanding SFCC Instances; text_similarity=0.961; code_similarity=1.
RHI-RERUN-137,phase-8-rerun-2026-03-16,2026-03-16,/unravelling-the-mystery-of-dates-in-the-ocapi/,src/content/posts/unravelling-the-mystery-of-dates-in-the-ocapi/index.md,code-heavy|query-filters,Unravelling the mystery of dates in the OCAPI,Unravelling the mystery of dates in the OCAPI,0.924,1.000,1.000,unchanged,automated,pass,none,no-material-drift,No material reader-facing drift was detected in the rerun.,No action required.,text_similarity=0.924; heading_similarity=1; code_similarity=1; raw_url_diff=0.
RHI-RERUN-138,phase-8-rerun-2026-03-16,2026-03-16,/what-can-i-use-chatgpt-for-when-working-with-salesforce/,src/content/posts/what-can-i-use-chatgpt-for-when-working-with-salesforce/index.md,ai|salesforce|body-parity,What can I use ChatGPT for when working with Salesforce?,What can I use ChatGPT for when working with Salesforce?,0.933,0.818,1.000,unchanged,automated,pass,none,no-material-drift,No material reader-facing drift was detected in the rerun.,No action required.,text_similarity=0.933; heading_similarity=0.818; code_similarity=1; raw_url_diff=0.
RHI-RERUN-139,phase-8-rerun-2026-03-16,2026-03-16,/what-does-the-composable-storefront-mean-for-sfcc-developers/,src/content/posts/what-does-the-composable-storefront-mean-for-sfcc-developers/index.md,architecture|headless|title-drift,What does the Composable Storefront mean for SFCC Developers?,What Composable Storefront Means for SFCC Developers,0.908,0.727,1.000,regressed,deterministic,needs-review,medium,title-h1-drift,The strongest remaining difference is the local H1 rewrite.,Decide whether to keep the rewritten local H1 or align it to the live article headline.,Live H1: What does the Composable Storefront mean for SFCC Developers?; Local H1: What Composable Storefront Means for SFCC Developers; additional signals: heading drift 0.727.
RHI-RERUN-140,phase-8-rerun-2026-03-16,2026-03-16,/what-is-commerce-on-core/,src/content/posts/what-is-commerce-on-core/index.md,architecture|platform-direction|body-parity,What is Salesforce B2C Commerce on Core?,What is Salesforce B2C Commerce on Core?,0.886,0.394,1.000,regressed,automated-flag,needs-review,medium,body-text-review,The overall body text similarity dropped enough to warrant a manual content review.,Review the rendered body paragraphs and callouts against live to confirm whether the drift is acceptable.,moderate text similarity 0.886; heading drift 0.394
RHI-RERUN-141,phase-8-rerun-2026-03-16,2026-03-16,/what-is-new-in-sfcc-24-6/,src/content/posts/what-is-new-in-sfcc-24-6/index.md,release-notes|sftp-algorithms|baseline-sensitive,What is new in Salesforce Commerce Cloud 24.6?,What is new in Salesforce Commerce Cloud 24.6?,0.921,1.000,1.000,unchanged,automated,pass,none,no-material-drift,No material reader-facing drift was detected in the rerun.,No action required.,text_similarity=0.921; heading_similarity=1; code_similarity=1; raw_url_diff=0.
RHI-RERUN-142,phase-8-rerun-2026-03-16,2026-03-16,/what-is-new-in-the-23-8-commerce-cloud-release/,src/content/posts/what-is-new-in-the-23-8-commerce-cloud-release/index.md,release-notes|api-attributes|endpoint-tokens,What is new in the 23.8 Commerce Cloud release?,What is new in the 23.8 Commerce Cloud release?,0.937,1.000,1.000,regressed,deterministic,needs-review,medium,presentation-raw-url-drift,The local article exposes visible raw URLs that are not visible in the live article body.,Replace bare visible URLs with linked prose or confirm that the local exposure is intentional.,local-only visible URLs: https://www.rhino-inquisitor.com/wp-content/uploads/2023/07/Cookie-Support-Demo.mp4
RHI-RERUN-143,phase-8-rerun-2026-03-16,2026-03-16,/what-is-oci-omnichannel-inventory/,src/content/posts/what-is-oci-omnichannel-inventory/index.md,operations|inventory|body-parity,What is OCI (Omnichannel Inventory),What is OCI (Omnichannel Inventory),0.879,0.538,1.000,regressed,automated-flag,needs-review,medium,body-text-review,The overall body text similarity dropped enough to warrant a manual content review.,Review the rendered body paragraphs and callouts against live to confirm whether the drift is acceptable.,moderate text similarity 0.879; heading drift 0.538
RHI-RERUN-144,phase-8-rerun-2026-03-16,2026-03-16,/what-is-the-ocapi-session-bridge/,src/content/posts/what-is-the-ocapi-session-bridge/index.md,code-heavy|api-config,What is the OCAPI session bridge?,What is the OCAPI session bridge?,0.939,0.692,1.000,regressed,automated,pass,none,structure-only-drift,Only heading-set differences were detected; no code drift or reader-visible raw-URL drift was found.,No immediate action required unless heading structure must match live exactly.,heading drift 0.692
RHI-RERUN-145,phase-8-rerun-2026-03-16,2026-03-16,/what-is-the-sfcc-managed-runtime/,src/content/posts/what-is-the-sfcc-managed-runtime/index.md,headless|managed-runtime|body-parity,What is the Salesforce B2C Commerce Cloud Managed Runtime?,What is the Salesforce B2C Commerce Cloud Managed Runtime?,0.911,0.500,1.000,regressed,automated,pass,none,structure-only-drift,Only heading-set differences were detected; no code drift or reader-visible raw-URL drift was found.,No immediate action required unless heading structure must match live exactly.,heading drift 0.500
RHI-RERUN-146,phase-8-rerun-2026-03-16,2026-03-16,/what-skills-do-i-need-as-a-sfcc-architect/,src/content/posts/what-skills-do-i-need-as-a-sfcc-architect/index.md,architecture|career|title-drift,What skills do I need as a Salesforce Commerce Cloud Architect?,Skills You Need as an SFCC Architect,0.923,1.000,1.000,regressed,deterministic,needs-review,medium,title-h1-drift,"The body is stable, but the local H1 differs materially from the live article title.",Decide whether to keep the rewritten local H1 or align it to the live article headline.,Live H1: What skills do I need as a Salesforce Commerce Cloud Architect?; Local H1: Skills You Need as an SFCC Architect; text_similarity=0.923; code_similarity=1.
RHI-RERUN-147,phase-8-rerun-2026-03-16,2026-03-16,/where-is-the-new-sfcc-documentation/,src/content/posts/where-is-the-new-sfcc-documentation/index.md,documentation|platform-change|body-parity,Where can I find the new SFCC Documentation?,Where can I find the new SFCC Documentation?,0.884,1.000,1.000,regressed,automated-flag,needs-review,medium,body-text-review,The overall body text similarity dropped enough to warrant a manual content review.,Review the rendered body paragraphs and callouts against live to confirm whether the drift is acceptable.,moderate text similarity 0.884
RHI-RERUN-148,phase-8-rerun-2026-03-16,2026-03-16,/where-to-hook-into-an-sfra-controller/,src/content/posts/where-to-hook-into-an-sfra-controller/index.md,code-heavy|controller-hooks,Where can you “hook” into an SFRA request or controller?,"Where can you ""hook"" into an SFRA request or controller?",0.914,0.833,1.000,unchanged,automated,pass,none,no-material-drift,No material reader-facing drift was detected in the rerun.,No action required.,text_similarity=0.914; heading_similarity=0.833; code_similarity=1; raw_url_diff=0.
RHI-RERUN-149,phase-8-rerun-2026-03-16,2026-03-16,/where-to-start-when-you-are-new-to-salesforce-b2c-commerce-cloud-development/,src/content/posts/where-to-start-when-you-are-new-to-salesforce-b2c-commerce-cloud-development/index.md,onboarding|title-drift,Where to start when you are new to Salesforce B2C Commerce Cloud development?,Where to Start with SFCC Development,0.960,1.000,1.000,regressed,deterministic,needs-review,medium,title-h1-drift,"The body is stable, but the local H1 differs materially from the live article title.",Decide whether to keep the rewritten local H1 or align it to the live article headline.,Live H1: Where to start when you are new to Salesforce B2C Commerce Cloud development?; Local H1: Where to Start with SFCC Development; text_similarity=0.96; code_similarity=1.
RHI-RERUN-150,phase-8-rerun-2026-03-16,2026-03-16,/why-circumventing-sfcc-quota-limits-is-a-bad-idea/,src/content/posts/why-circumventing-sfcc-quota-limits-is-a-bad-idea/index.md,code-heavy|quota-guidance,Why Circumventing Salesforce B2C Commerce Cloud Quota Limits Is a Bad Idea,Why Bypassing SFCC Quota Limits Backfires,0.968,1.000,1.000,regressed,confirmed,needs-review,medium,title-h1-drift,The code-block count alert is a false positive caused by an empty live block; the remaining observable difference is the shorter local H1.,Decide whether the shorter local H1 should be accepted or aligned to live.,Live pre count is 2 because one extracted `<pre>` is empty; the non-empty UnlimitedArray example matches local. Live H1 is `Why Circumventing Salesforce B2C Commerce Cloud Quota Limits Is a Bad Idea`; local H1 is `Why Bypassing SFCC Quota Limits Backfires`.
RHI-RERUN-151,phase-8-rerun-2026-03-16,2026-03-16,/your-definitive-mobile-app-checklist/,src/content/posts/your-definitive-mobile-app-checklist/index.md,code-heavy|scapi|slas|checklist,The Headless Go-Live Gauntlet: Your Definitive SCAPI & SLAS Mobile App Checklist,Mobile App Launch Checklist for Commerce Teams,0.922,1.000,1.000,regressed,deterministic,needs-review,medium,title-h1-drift,"The body is stable, but the local H1 differs materially from the live article title.",Decide whether to keep the rewritten local H1 or align it to the live article headline.,Live H1: The Headless Go-Live Gauntlet: Your Definitive SCAPI & SLAS Mobile App Checklist; Local H1: Mobile App Launch Checklist for Commerce Teams; text_similarity=0.922; code_similarity=1.
