audit_date,batch_tag,scope_total,reviewed_articles,remaining_articles,pass_count,needs_review_count,fail_count,high_severity_count,medium_severity_count,low_severity_count,primary_risk,notes
2026-03-15,batch-1-code-and-longform,151,13,138,8,5,0,0,5,0,"The opening tranche is now reduced to five medium review items, mostly H1/editorial-intent questions, after the 24.2 release-note callout discrepancy was cleared and the chunk-job formatting issue was narrowed out of the backlog.","Batch 1 focused on code-heavy, long-form, and release-note articles. Detailed findings are in phase-8-article-fidelity-audit.csv."
2026-03-15,batch-2-code-heavy,151,23,128,13,10,0,0,10,0,"The opening code-heavy carryover is now dominated by medium review items, including the baseline-sensitive OCAPI identifier-spacing row, after the first-wave fail fixes were closed.",Batch 2 added 10 more code-heavy posts. Detailed findings were appended as RHI-AUD-014 through RHI-AUD-023 in phase-8-article-fidelity-audit.csv.
2026-03-15,batch-3-code-heavy,151,31,120,17,14,0,0,14,0,"The first unresolved batch-3 hard-fail cluster has now been cleared: the Active Data script example and SLAS placeholder URL were restored, leaving the residual queue to begin with later batch-4 content-loss rows and medium title-review items.",Batch 3 added 8 more code-heavy posts. Detailed findings were appended as RHI-AUD-024 through RHI-AUD-031 in phase-8-article-fidelity-audit.csv.
2026-03-15,batch-4-code-heavy,151,41,110,22,19,0,0,19,0,"The first batch-4 fail cluster is now fully cleared: the 22.8 XML/XSD row, the variation-attribute XML comparison, and the SFRA ISML example set have all been restored, leaving only medium review items in this tranche.",Batch 4 added 10 more code-heavy posts. Detailed findings were appended as RHI-AUD-032 through RHI-AUD-041 in phase-8-article-fidelity-audit.csv.
2026-03-15,batch-5-code-heavy,151,51,100,27,24,0,0,24,0,"Technical example degradation no longer remains in the early batch-5 portion of the queue, and multiple release-note token repairs are now cleared while many remaining rows continue to be title-drift review items rather than hard failures.",Batch 5 added 10 more code-heavy posts. Detailed findings were appended as RHI-AUD-042 through RHI-AUD-051 in phase-8-article-fidelity-audit.csv.
2026-03-15,batch-6-code-heavy,151,61,90,31,30,0,0,30,0,"The first batch-6 hard-fail cluster is now cleared: cartridge-path, API attribute, and sitemap filename examples have been restored, and the mixed H1-shortening rows in this tranche now match the live titles again.",Batch 6 added 10 more code-heavy posts. Detailed findings were appended as RHI-AUD-052 through RHI-AUD-061 in phase-8-article-fidelity-audit.csv.
2026-03-15,batch-7-code-heavy,151,71,80,37,34,0,0,34,0,"The remaining batch-7 hard-fail cluster is now cleared: the missing XSD example, historical sandbox email, and POD placeholder URLs have all been restored, leaving only medium review items in this tranche.",Batch 7 added 10 more code-heavy posts. Detailed findings were appended as RHI-AUD-062 through RHI-AUD-071 in phase-8-article-fidelity-audit.csv.
2026-03-15,batch-8-code-heavy,151,77,74,39,38,0,0,38,0,"The final code-heavy tranche is now free of high-severity defects; the remaining differences in this batch collapse to title or media-presentation drift.",Batch 8 added the final 6 remaining code-heavy posts. Detailed findings were appended as RHI-AUD-072 through RHI-AUD-077 in phase-8-article-fidelity-audit.csv.
2026-03-15,batch-9-non-code-heavy,151,89,62,45,44,0,0,44,0,"The first non-code-heavy wave confirms the backlog is dominated by editorial drift and release-recap framing changes rather than new hard technical defects, with no additional fails in this batch.",Batch 9 added 12 non-code-heavy posts. Detailed findings were appended as RHI-AUD-078 through RHI-AUD-089 in phase-8-article-fidelity-audit.csv.
2026-03-15,batch-10-non-code-heavy,151,101,50,52,49,0,0,49,0,"The second non-code-heavy wave still trends toward editorial drift, and the last identifier-corruption fail in this tranche has now been cleared.",Batch 10 added 12 non-code-heavy posts. Detailed findings were appended as RHI-AUD-090 through RHI-AUD-101 in phase-8-article-fidelity-audit.csv.
2026-03-15,batch-11-non-code-heavy,151,111,40,56,55,0,0,55,0,"The third non-code-heavy wave remains dominated by editorial recap drift, and the remaining SLAS and trusted-agent identifier-corruption rows have now been resolved.",Batch 11 added 10 non-code-heavy posts. Detailed findings were appended as RHI-AUD-102 through RHI-AUD-111 in phase-8-article-fidelity-audit.csv.
2026-03-15,batch-12-non-code-heavy,151,121,30,64,57,0,0,57,0,"The fourth non-code-heavy wave is much cleaner: most remaining certification, community, and product-overview posts preserve body fidelity, with only isolated title or presentation drift requiring review.",Batch 12 added 10 more code-heavy posts. Detailed findings were appended as RHI-AUD-112 through RHI-AUD-121 in phase-8-article-fidelity-audit.csv.
2026-03-15,batch-13-non-code-heavy,151,131,20,71,60,0,0,60,0,"The fifth non-code-heavy wave stayed free of hard defects: most AI, certification, and go-live posts preserve body fidelity, with only isolated H1 shortening left for editorial review.",Batch 13 added 10 more code-heavy posts. Detailed findings were appended as RHI-AUD-122 through RHI-AUD-131 in phase-8-article-fidelity-audit.csv.
2026-03-15,batch-14-non-code-heavy,151,141,10,77,64,0,0,64,0,"The sixth non-code-heavy wave stays clean: technical reference pages mostly preserve fidelity, and the residual issues are limited to title shortening plus one raw-URL presentation case.",Batch 14 added 10 more code-heavy posts. Detailed findings were appended as RHI-AUD-132 through RHI-AUD-141 in phase-8-article-fidelity-audit.csv.
2026-03-15,batch-15-final-wave,151,151,0,84,67,0,0,67,0,"The high-severity backlog remains fully cleared, and the medium backlog is now reduced further after confirming the 24.2 release callout row as pass. Remaining continuation work is concentrated in editorial-intent, baseline-sensitive, media-link, and scaffold-fixture review items.",Batch 15 added the final 10 remaining posts. Detailed findings were appended as RHI-AUD-142 through RHI-AUD-151 in phase-8-article-fidelity-audit.csv.
